-- MySQL dump 10.13  Distrib 5.6.40, for Linux (x86_64)
--
-- Host: localhost    Database: phpmywind_db
-- ------------------------------------------------------
-- Server version	5.6.40

/*!40101 SET @OLD_CHARACTER_SET_CLIENT=@@CHARACTER_SET_CLIENT */;
/*!40101 SET @OLD_CHARACTER_SET_RESULTS=@@CHARACTER_SET_RESULTS */;
/*!40101 SET @OLD_COLLATION_CONNECTION=@@COLLATION_CONNECTION */;
/*!40101 SET NAMES utf8 */;
/*!40103 SET @OLD_TIME_ZONE=@@TIME_ZONE */;
/*!40103 SET TIME_ZONE='+00:00' */;
/*!40014 SET @OLD_UNIQUE_CHECKS=@@UNIQUE_CHECKS, UNIQUE_CHECKS=0 */;
/*!40014 SET @OLD_FOREIGN_KEY_CHECKS=@@FOREIGN_KEY_CHECKS, FOREIGN_KEY_CHECKS=0 */;
/*!40101 SET @OLD_SQL_MODE=@@SQL_MODE, SQL_MODE='NO_AUTO_VALUE_ON_ZERO' */;
/*!40111 SET @OLD_SQL_NOTES=@@SQL_NOTES, SQL_NOTES=0 */;

--
-- Current Database: `phpmywind_db`
--

CREATE DATABASE /*!32312 IF NOT EXISTS*/ `phpmywind_db` /*!40100 DEFAULT CHARACTER SET utf8 COLLATE utf8_general_ci */;

USE `phpmywind_db`;

--
-- Table structure for table `pmw_admanage`
--

DROP TABLE IF EXISTS `pmw_admanage`;
/*!40101 SET @saved_cs_client     = @@character_set_client */;
/*!40101 SET character_set_client = utf8 */;
CREATE TABLE `pmw_admanage` (
  `id` smallint(5) unsigned NOT NULL AUTO_INCREMENT COMMENT '信息id',
  `siteid` smallint(5) unsigned NOT NULL DEFAULT '1' COMMENT '站点id',
  `classid` smallint(5) unsigned NOT NULL COMMENT '投放范围(广告位)',
  `parentid` smallint(5) unsigned NOT NULL COMMENT '所属广告位父id',
  `parentstr` varchar(80) NOT NULL COMMENT '所属广告位父id字符串',
  `title` varchar(30) NOT NULL COMMENT '广告标识',
  `admode` char(10) NOT NULL COMMENT '展示模式',
  `picurl` varchar(100) NOT NULL COMMENT '上传内容地址',
  `adtext` text NOT NULL COMMENT '展示内容',
  `linkurl` varchar(255) NOT NULL COMMENT '跳转链接',
  `orderid` smallint(5) unsigned NOT NULL COMMENT '排列排序',
  `posttime` int(10) unsigned NOT NULL COMMENT '提交时间',
  `checkinfo` enum('true','false') NOT NULL COMMENT '审核状态',
  PRIMARY KEY (`id`)
) ENGINE=MyISAM AUTO_INCREMENT=3 DEFAULT CHARSET=utf8;
/*!40101 SET character_set_client = @saved_cs_client */;

--
-- Dumping data for table `pmw_admanage`
--

LOCK TABLES `pmw_admanage` WRITE;
/*!40000 ALTER TABLE `pmw_admanage` DISABLE KEYS */;
INSERT INTO `pmw_admanage` VALUES (1,1,1,0,'0,','QQ电脑管家','image','','','http://guanjia.qq.com/',1,1326771010,'true'),(2,1,2,0,'0,','迅雷看看','image','','','http://www.xunlei.com/',2,1326771024,'true');
/*!40000 ALTER TABLE `pmw_admanage` ENABLE KEYS */;
UNLOCK TABLES;

--
-- Table structure for table `pmw_admin`
--

DROP TABLE IF EXISTS `pmw_admin`;
/*!40101 SET @saved_cs_client     = @@character_set_client */;
/*!40101 SET character_set_client = utf8 */;
CREATE TABLE `pmw_admin` (
  `id` smallint(5) unsigned NOT NULL AUTO_INCREMENT COMMENT '信息id',
  `username` varchar(30) NOT NULL COMMENT '用户名',
  `password` char(32) NOT NULL COMMENT '密码',
  `nickname` char(32) NOT NULL COMMENT '昵称',
  `question` tinyint(1) unsigned NOT NULL COMMENT '登录提问',
  `answer` varchar(50) NOT NULL COMMENT '登录回答',
  `levelname` tinyint(1) unsigned NOT NULL COMMENT '级别',
  `checkadmin` enum('true','false') NOT NULL COMMENT '审核',
  `loginip` char(20) NOT NULL COMMENT '登录IP',
  `logintime` int(10) unsigned NOT NULL COMMENT '登录时间',
  PRIMARY KEY (`id`)
) ENGINE=MyISAM AUTO_INCREMENT=2 DEFAULT CHARSET=utf8;
/*!40101 SET character_set_client = @saved_cs_client */;

--
-- Dumping data for table `pmw_admin`
--

LOCK TABLES `pmw_admin` WRITE;
/*!40000 ALTER TABLE `pmw_admin` DISABLE KEYS */;
INSERT INTO `pmw_admin` VALUES (1,'admin','c3284d0f94606de1fd2af172aba15bf3','',0,'',1,'true','127.0.0.1',1526890533);
/*!40000 ALTER TABLE `pmw_admin` ENABLE KEYS */;
UNLOCK TABLES;

--
-- Table structure for table `pmw_admingroup`
--

DROP TABLE IF EXISTS `pmw_admingroup`;
/*!40101 SET @saved_cs_client     = @@character_set_client */;
/*!40101 SET character_set_client = utf8 */;
CREATE TABLE `pmw_admingroup` (
  `id` tinyint(3) unsigned NOT NULL AUTO_INCREMENT COMMENT '管理组id',
  `groupname` varchar(30) NOT NULL COMMENT '管理组名称',
  `description` text NOT NULL COMMENT '管理组描述',
  `groupsite` varchar(30) NOT NULL COMMENT '默认进入站',
  `checkinfo` set('true','false') NOT NULL COMMENT '审核状态',
  PRIMARY KEY (`id`)
) ENGINE=MyISAM AUTO_INCREMENT=4 DEFAULT CHARSET=utf8;
/*!40101 SET character_set_client = @saved_cs_client */;

--
-- Dumping data for table `pmw_admingroup`
--

LOCK TABLES `pmw_admingroup` WRITE;
/*!40000 ALTER TABLE `pmw_admingroup` DISABLE KEYS */;
INSERT INTO `pmw_admingroup` VALUES (1,'超级管理员','超级管理员组','1','true'),(2,'站点管理员','站点管理员组','1','true'),(3,'文章发布员','文章发布员组','1','true');
/*!40000 ALTER TABLE `pmw_admingroup` ENABLE KEYS */;
UNLOCK TABLES;

--
-- Table structure for table `pmw_adminnotes`
--

DROP TABLE IF EXISTS `pmw_adminnotes`;
/*!40101 SET @saved_cs_client     = @@character_set_client */;
/*!40101 SET character_set_client = utf8 */;
CREATE TABLE `pmw_adminnotes` (
  `uname` varchar(30) NOT NULL COMMENT '用户名',
  `body` mediumtext NOT NULL COMMENT '便签内容',
  `posttime` int(10) unsigned NOT NULL COMMENT '提交时间',
  `postip` varchar(30) NOT NULL COMMENT '提交IP',
  PRIMARY KEY (`uname`)
) ENGINE=MyISAM DEFAULT CHARSET=utf8;
/*!40101 SET character_set_client = @saved_cs_client */;

--
-- Dumping data for table `pmw_adminnotes`
--

LOCK TABLES `pmw_adminnotes` WRITE;
/*!40000 ALTER TABLE `pmw_adminnotes` DISABLE KEYS */;
/*!40000 ALTER TABLE `pmw_adminnotes` ENABLE KEYS */;
UNLOCK TABLES;

--
-- Table structure for table `pmw_adminprivacy`
--

DROP TABLE IF EXISTS `pmw_adminprivacy`;
/*!40101 SET @saved_cs_client     = @@character_set_client */;
/*!40101 SET character_set_client = utf8 */;
CREATE TABLE `pmw_adminprivacy` (
  `groupid` tinyint(3) unsigned NOT NULL COMMENT '所属管理组id',
  `siteid` tinyint(1) unsigned NOT NULL COMMENT '站点id',
  `model` varchar(30) NOT NULL COMMENT '管理模块',
  `classid` int(10) NOT NULL COMMENT '类型id',
  `action` varchar(10) NOT NULL COMMENT '可执行操作'
) ENGINE=MyISAM DEFAULT CHARSET=utf8;
/*!40101 SET character_set_client = @saved_cs_client */;

--
-- Dumping data for table `pmw_adminprivacy`
--

LOCK TABLES `pmw_adminprivacy` WRITE;
/*!40000 ALTER TABLE `pmw_adminprivacy` DISABLE KEYS */;
INSERT INTO `pmw_adminprivacy` VALUES (2,0,'upload_filemgr_sql',0,'all'),(2,0,'web_config',0,'all'),(2,0,'admin',0,'all'),(2,0,'database_backup',0,'all'),(2,0,'infoclass',0,'all'),(2,0,'info',0,'all'),(2,0,'infolist',0,'all'),(2,0,'infoimg',0,'all'),(2,0,'soft',0,'all'),(2,0,'goodstype',0,'all'),(2,0,'goods',0,'all'),(3,0,'infoclass',0,'all'),(3,0,'info',0,'all'),(3,0,'infolist',0,'all'),(3,0,'infoimg',0,'all'),(3,0,'soft',0,'all'),(3,0,'goodstype',0,'all'),(3,0,'goods',0,'all'),(2,1,'category',13,'del'),(2,1,'category',13,'update'),(2,1,'category',13,'add'),(2,1,'category',13,'list'),(2,1,'category',12,'del'),(2,1,'category',12,'update'),(2,1,'category',12,'add'),(2,1,'category',12,'list'),(2,1,'category',11,'del'),(2,1,'category',11,'update'),(2,1,'category',11,'add'),(2,1,'category',11,'list'),(2,1,'category',10,'del'),(2,1,'category',10,'update'),(2,1,'category',10,'add'),(2,1,'category',10,'list'),(2,1,'category',9,'del'),(2,1,'category',9,'update'),(2,1,'category',9,'add'),(2,1,'category',9,'list'),(2,1,'category',8,'del'),(2,1,'category',8,'update'),(2,1,'category',8,'add'),(2,1,'category',8,'list'),(2,1,'category',7,'del'),(2,1,'category',7,'update'),(2,1,'category',7,'add'),(2,1,'category',7,'list'),(2,1,'category',6,'del'),(2,1,'category',6,'update'),(2,1,'category',6,'add'),(2,1,'category',6,'list'),(2,1,'category',5,'del'),(2,1,'category',5,'update'),(2,1,'category',5,'add'),(2,1,'category',5,'list'),(2,1,'category',4,'del'),(2,1,'category',4,'update'),(2,1,'category',4,'add'),(2,1,'category',4,'list'),(2,1,'category',3,'del'),(2,1,'category',3,'update'),(2,1,'category',3,'add'),(2,1,'category',3,'list'),(2,1,'category',2,'del'),(2,1,'category',2,'update'),(2,1,'category',2,'add'),(2,1,'category',2,'list'),(2,1,'category',1,'del'),(2,1,'category',1,'update'),(2,1,'category',1,'add'),(2,1,'category',1,'list'),(2,0,'message',0,'all'),(2,0,'weblink',0,'all'),(2,0,'job',0,'all'),(2,0,'nav',0,'all'),(3,1,'category',1,'list'),(3,1,'category',1,'add'),(3,1,'category',1,'update'),(3,1,'category',1,'del'),(3,1,'category',2,'list'),(3,1,'category',2,'add'),(3,1,'category',2,'update'),(3,1,'category',2,'del'),(3,1,'category',3,'list'),(3,1,'category',3,'add'),(3,1,'category',3,'update'),(3,1,'category',3,'del'),(3,1,'category',4,'list'),(3,1,'category',4,'add'),(3,1,'category',4,'update'),(3,1,'category',4,'del'),(3,1,'category',5,'list'),(3,1,'category',5,'add'),(3,1,'category',5,'update'),(3,1,'category',5,'del'),(3,1,'category',6,'list'),(3,1,'category',6,'add'),(3,1,'category',6,'update'),(3,1,'category',6,'del'),(3,1,'category',7,'list'),(3,1,'category',7,'add'),(3,1,'category',7,'update'),(3,1,'category',7,'del'),(3,1,'category',8,'list'),(3,1,'category',8,'add'),(3,1,'category',8,'update'),(3,1,'category',8,'del'),(3,1,'category',9,'list'),(3,1,'category',9,'add'),(3,1,'category',9,'update'),(3,1,'category',9,'del'),(3,1,'category',10,'list'),(3,1,'category',10,'add'),(3,1,'category',10,'update'),(3,1,'category',10,'del'),(3,1,'category',11,'list'),(3,1,'category',11,'add'),(3,1,'category',11,'update'),(3,1,'category',11,'del'),(3,1,'category',12,'list'),(3,1,'category',12,'add'),(3,1,'category',12,'update'),(3,1,'category',12,'del'),(3,1,'category',13,'list'),(3,1,'category',13,'add'),(3,1,'category',13,'update'),(3,1,'category',13,'del');
/*!40000 ALTER TABLE `pmw_adminprivacy` ENABLE KEYS */;
UNLOCK TABLES;

--
-- Table structure for table `pmw_adtype`
--

DROP TABLE IF EXISTS `pmw_adtype`;
/*!40101 SET @saved_cs_client     = @@character_set_client */;
/*!40101 SET character_set_client = utf8 */;
CREATE TABLE `pmw_adtype` (
  `id` smallint(5) unsigned NOT NULL AUTO_INCREMENT COMMENT '广告位id',
  `siteid` smallint(5) unsigned NOT NULL DEFAULT '1' COMMENT '站点id',
  `parentid` smallint(5) unsigned NOT NULL COMMENT '上级id',
  `parentstr` varchar(50) NOT NULL COMMENT '上级id字符串',
  `classname` varchar(30) NOT NULL COMMENT '广告位名称',
  `width` smallint(5) unsigned NOT NULL COMMENT '广告位宽度',
  `height` smallint(5) unsigned NOT NULL COMMENT '广告位高度',
  `orderid` smallint(5) unsigned NOT NULL COMMENT '排列顺序',
  `checkinfo` enum('true','false') NOT NULL COMMENT '审核状态',
  PRIMARY KEY (`id`)
) ENGINE=MyISAM AUTO_INCREMENT=3 DEFAULT CHARSET=utf8;
/*!40101 SET character_set_client = @saved_cs_client */;

--
-- Dumping data for table `pmw_adtype`
--

LOCK TABLES `pmw_adtype` WRITE;
/*!40000 ALTER TABLE `pmw_adtype` DISABLE KEYS */;
INSERT INTO `pmw_adtype` VALUES (1,1,0,'0,','首页广告位',1003,80,1,'true'),(2,1,0,'0,','子页广告位',100,70,2,'true');
/*!40000 ALTER TABLE `pmw_adtype` ENABLE KEYS */;
UNLOCK TABLES;

--
-- Table structure for table `pmw_cascade`
--

DROP TABLE IF EXISTS `pmw_cascade`;
/*!40101 SET @saved_cs_client     = @@character_set_client */;
/*!40101 SET character_set_client = utf8 */;
CREATE TABLE `pmw_cascade` (
  `id` smallint(5) unsigned NOT NULL AUTO_INCREMENT COMMENT '级联组id',
  `groupname` varchar(30) NOT NULL COMMENT '级联组名称',
  `groupsign` varchar(30) NOT NULL COMMENT '级联组标识',
  `orderid` smallint(5) unsigned NOT NULL COMMENT '排列排序',
  PRIMARY KEY (`id`)
) ENGINE=MyISAM AUTO_INCREMENT=7 DEFAULT CHARSET=utf8;
/*!40101 SET character_set_client = @saved_cs_client */;

--
-- Dumping data for table `pmw_cascade`
--

LOCK TABLES `pmw_cascade` WRITE;
/*!40000 ALTER TABLE `pmw_cascade` DISABLE KEYS */;
INSERT INTO `pmw_cascade` VALUES (1,'地区','area',1),(2,'星座','astro',2),(3,'血型','bloodtype',3),(4,'证件类型','cardtype',4),(5,'安全问题','question',5),(6,'行业分布','trade',6);
/*!40000 ALTER TABLE `pmw_cascade` ENABLE KEYS */;
UNLOCK TABLES;

--
-- Table structure for table `pmw_cascadedata`
--

DROP TABLE IF EXISTS `pmw_cascadedata`;
/*!40101 SET @saved_cs_client     = @@character_set_client */;
/*!40101 SET character_set_client = utf8 */;
CREATE TABLE `pmw_cascadedata` (
  `id` smallint(5) unsigned NOT NULL AUTO_INCREMENT COMMENT '级联数据id',
  `dataname` char(30) NOT NULL COMMENT '级联数据名称',
  `datavalue` char(20) NOT NULL COMMENT '级联数据值',
  `datagroup` char(20) NOT NULL COMMENT '所属级联组',
  `orderid` smallint(5) unsigned NOT NULL COMMENT '排列排序',
  `level` tinyint(1) unsigned NOT NULL COMMENT '级联数据层次',
  PRIMARY KEY (`id`)
) ENGINE=MyISAM AUTO_INCREMENT=20020 DEFAULT CHARSET=utf8;
/*!40101 SET character_set_client = @saved_cs_client */;

--
-- Dumping data for table `pmw_cascadedata`
--

LOCK TABLES `pmw_cascadedata` WRITE;
/*!40000 ALTER TABLE `pmw_cascadedata` DISABLE KEYS */;
INSERT INTO `pmw_cascadedata` VALUES (20019,'澳门特别行政区','17500','area',17500,0),(20018,'香港特别行政区','17000','area',17000,0),(20017,'台湾省','16500','area',16500,0),(20016,'图木舒克市','16015.3','area',16015,2),(20015,'阿拉尔市','16015.2','area',16015,2),(20014,'石河子市','16015.1','area',16015,2),(20013,'省直辖行政单位','16015','area',16015,1),(20012,'吉木乃县','16014.7','area',16015,2),(20011,'青河县','16014.6','area',16015,2),(20010,'哈巴河县','16014.5','area',16015,2),(20009,'福海县','16014.4','area',16014,2),(20008,'富蕴县','16014.3','area',16014,2),(20007,'布尔津县','16014.2','area',16014,2),(20006,'阿勒泰市','16014.1','area',16014,2),(20005,'阿勒泰地区','16014','area',16014,1),(20004,'和布克赛尔蒙古自治县','16013.7','area',16014,2),(20003,'裕民县','16013.6','area',16014,2),(20002,'托里县','16013.5','area',16014,2),(20001,'沙湾县','16013.4','area',16013,2),(20000,'额敏县','16013.3','area',16013,2),(19999,'乌苏市','16013.2','area',16013,2),(19998,'塔城市','16013.1','area',16013,2),(19997,'塔城地区','16013','area',16013,1),(19996,'尼勒克县','16012.10','area',16012,2),(19995,'特克斯县','16012.9','area',16013,2),(19994,'昭苏县','16012.8','area',16013,2),(19993,'新源县','16012.7','area',16013,2),(19992,'巩留县','16012.6','area',16013,2),(19991,'霍城县','16012.5','area',16013,2),(19990,'察布查尔锡伯自治县','16012.4','area',16012,2),(19989,'伊宁县','16012.3','area',16012,2),(19988,'奎屯市','16012.2','area',16012,2),(19987,'伊宁市','16012.1','area',16012,2),(19986,'伊犁哈萨克自治州','16012','area',16012,1),(19985,'民丰县','16011.8','area',16012,2),(19984,'于田县','16011.7','area',16012,2),(19983,'策勒县','16011.6','area',16012,2),(19982,'洛浦县','16011.5','area',16012,2),(19981,'皮山县','16011.4','area',16011,2),(19980,'墨玉县','16011.3','area',16011,2),(19979,'和田县','16011.2','area',16011,2),(19978,'和田市','16011.1','area',16011,2),(19977,'和田地区','16011','area',16011,1),(19976,'塔什库尔干塔吉克自治县','16010.12','area',16010,2),(19975,'巴楚县','16010.11','area',16010,2),(19974,'伽师县','16010.10','area',16010,2),(19973,'岳普湖县','16010.9','area',16011,2),(19972,'麦盖提县','16010.8','area',16011,2),(19971,'叶城县','16010.7','area',16011,2),(19970,'莎车县','16010.6','area',16011,2),(19969,'泽普县','16010.5','area',16011,2),(19968,'英吉沙县','16010.4','area',16010,2),(19967,'疏勒县','16010.3','area',16010,2),(19966,'疏附县','16010.2','area',16010,2),(19965,'喀什市','16010.1','area',16010,2),(19964,'喀什地区','16010','area',16010,1),(19963,'乌恰县','16009.4','area',16009,2),(19962,'阿合奇县','16009.3','area',16009,2),(19961,'阿克陶县','16009.2','area',16009,2),(19960,'阿图什市','16009.1','area',16009,2),(19959,'克孜勒苏柯尔克孜自治州','16009','area',16009,1),(19958,'柯坪县','16008.9','area',16009,2),(19957,'阿瓦提县','16008.8','area',16009,2),(19956,'乌什县','16008.7','area',16009,2),(19955,'拜城县','16008.6','area',16009,2),(19954,'新和县','16008.5','area',16009,2),(19953,'沙雅县','16008.4','area',16008,2),(19952,'库车县','16008.3','area',16008,2),(19951,'温宿县','16008.2','area',16008,2),(19950,'阿克苏市','16008.1','area',16008,2),(19949,'阿克苏地区','16008','area',16008,1),(19948,'博湖县','16007.9','area',16008,2),(19947,'和硕县','16007.8','area',16008,2),(19946,'和静县','16007.7','area',16008,2),(19945,'焉耆回族自治县','16007.6','area',16008,2),(19944,'且末县','16007.5','area',16008,2),(19943,'若羌县','16007.4','area',16007,2),(19942,'尉犁县','16007.3','area',16007,2),(19941,'轮台县','16007.2','area',16007,2),(19940,'库尔勒市','16007.1','area',16007,2),(19939,'巴音郭楞蒙古自治州','16007','area',16007,1),(19938,'温泉县','16006.3','area',16006,2),(19937,'精河县','16006.2','area',16006,2),(19936,'博乐市','16006.1','area',16006,2),(19935,'博尔塔拉蒙古自治州','16006','area',16006,1),(19934,'木垒哈萨克自治县','16005.8','area',16006,2),(19933,'吉木萨尔县','16005.7','area',16006,2),(19932,'奇台县','16005.6','area',16006,2),(19931,'玛纳斯县','16005.5','area',16006,2),(19930,'呼图壁县','16005.4','area',16005,2),(19929,'米泉市','16005.3','area',16005,2),(19928,'阜康市','16005.2','area',16005,2),(19927,'昌吉市','16005.1','area',16005,2),(19926,'昌吉回族自治州','16005','area',16005,1),(19925,'伊吾县','16004.3','area',16004,2),(19924,'巴里坤哈萨克自治县','16004.2','area',16004,2),(19923,'哈密市','16004.1','area',16004,2),(19922,'哈密地区','16004','area',16004,1),(19921,'托克逊县','16003.3','area',16003,2),(19920,'鄯善县','16003.2','area',16003,2),(19919,'吐鲁番市','16003.1','area',16003,2),(19918,'吐鲁番地区','16003','area',16003,1),(19917,'乌尔禾区','16002.4','area',16002,2),(19916,'白碱滩区','16002.3','area',16002,2),(19915,'克拉玛依区','16002.2','area',16002,2),(19914,'独山子区','16002.1','area',16002,2),(19913,'克拉玛依市','16002','area',16002,1),(19912,'乌鲁木齐县','16001.8','area',16002,2),(19911,'东山区','16001.7','area',16002,2),(19910,'达坂城区','16001.6','area',16002,2),(19909,'头屯河区','16001.5','area',16002,2),(19908,'水磨沟区','16001.4','area',16001,2),(19907,'新市区','16001.3','area',16001,2),(19906,'沙依巴克区','16001.2','area',16001,2),(19905,'天山区','16001.1','area',16001,2),(19904,'乌鲁木齐市','16001','area',16001,1),(19903,'新疆维吾尔自治区','16000','area',16000,0),(19902,'海原县','15505.3','area',15505,2),(19901,'中宁县','15505.2','area',15505,2),(19900,'沙坡头区','15505.1','area',15505,2),(19899,'中卫市','15505','area',15505,1),(19898,'彭阳县','15504.5','area',15505,2),(19897,'泾源县','15504.4','area',15504,2),(19896,'隆德县','15504.3','area',15504,2),(19895,'西吉县','15504.2','area',15504,2),(19894,'原州区','15504.1','area',15504,2),(19893,'固原市','15504','area',15504,1),(19892,'青铜峡市','15503.4','area',15503,2),(19891,'同心县','15503.3','area',15503,2),(19890,'盐池县','15503.2','area',15503,2),(19889,'利通区','15503.1','area',15503,2),(19888,'吴忠市','15503','area',15503,1),(19887,'平罗县','15502.3','area',15502,2),(19886,'惠农区','15502.2','area',15502,2),(19885,'大武口区','15502.1','area',15502,2),(19884,'石嘴山市','15502','area',15502,1),(19883,'灵武市','15501.6','area',15502,2),(19882,'贺兰县','15501.5','area',15502,2),(19881,'永宁县','15501.4','area',15501,2),(19880,'金凤区','15501.3','area',15501,2),(19879,'西夏区','15501.2','area',15501,2),(19878,'兴庆区','15501.1','area',15501,2),(19877,'银川市','15501','area',15501,1),(19876,'宁夏回族自治区','15500','area',15500,0),(19875,'天峻县','15008.5','area',15009,2),(19874,'都兰县','15008.4','area',15008,2),(19873,'乌兰县','15008.3','area',15008,2),(19872,'德令哈市','15008.2','area',15008,2),(19871,'格尔木市','15008.1','area',15008,2),(19870,'海西蒙古族藏族自治州','15008','area',15008,1),(19869,'曲麻莱县','15007.6','area',15008,2),(19868,'囊谦县','15007.5','area',15008,2),(19867,'治多县','15007.4','area',15007,2),(19866,'称多县','15007.3','area',15007,2),(19865,'杂多县','15007.2','area',15007,2),(19864,'玉树县','15007.1','area',15007,2),(19863,'玉树藏族自治州','15007','area',15007,1),(19862,'玛多县','15006.6','area',15007,2),(19861,'久治县','15006.5','area',15007,2),(19860,'达日县','15006.4','area',15006,2),(19859,'甘德县','15006.3','area',15006,2),(19858,'班玛县','15006.2','area',15006,2),(19857,'玛沁县','15006.1','area',15006,2),(19856,'果洛藏族自治州','15006','area',15006,1),(19855,'贵南县','15005.5','area',15006,2),(19854,'兴海县','15005.4','area',15005,2),(19853,'贵德县','15005.3','area',15005,2),(19852,'同德县','15005.2','area',15005,2),(19851,'共和县','15005.1','area',15005,2),(19850,'海南藏族自治州','15005','area',15005,1),(19849,'河南蒙古族自治县','15004.4','area',15004,2),(19848,'泽库县','15004.3','area',15004,2),(19847,'尖扎县','15004.2','area',15004,2),(19846,'同仁县','15004.1','area',15004,2),(19845,'黄南藏族自治州','15004','area',15004,1),(19844,'刚察县','15003.4','area',15003,2),(19843,'海晏县','15003.3','area',15003,2),(19842,'祁连县','15003.2','area',15003,2),(19841,'门源回族自治县','15003.1','area',15003,2),(19840,'海北藏族自治州','15003','area',15003,1),(19839,'循化撒拉族自治县','15002.6','area',15003,2),(19838,'化隆回族自治县','15002.5','area',15003,2),(19837,'互助土族自治县','15002.4','area',15002,2),(19836,'乐都县','15002.3','area',15002,2),(19835,'民和回族土族自治县','15002.2','area',15002,2),(19834,'平安县','15002.1','area',15002,2),(19833,'海东地区','15002','area',15002,1),(19832,'湟源县','15001.7','area',15002,2),(19831,'湟中县','15001.6','area',15002,2),(19830,'大通回族土族自治县','15001.5','area',15002,2),(19829,'城北区','15001.4','area',15001,2),(19828,'城西区','15001.3','area',15001,2),(19827,'城中区','15001.2','area',15001,2),(19826,'城东区','15001.1','area',15001,2),(19825,'西宁市','15001','area',15001,1),(19824,'青海省','15000','area',15000,0),(19823,'夏河县','14514.8','area',14515,2),(19822,'碌曲县','14514.7','area',14515,2),(19821,'玛曲县','14514.6','area',14515,2),(19820,'迭部县','14514.5','area',14515,2),(19819,'舟曲县','14514.4','area',14514,2),(19818,'卓尼县','14514.3','area',14514,2),(19817,'临潭县','14514.2','area',14514,2),(19816,'合作市','14514.1','area',14514,2),(19815,'甘南藏族自治州','14514','area',14514,1),(19814,'积石山保安族东乡族撒拉族自治县','14513.8','area',14514,2),(19813,'东乡族自治县','14513.7','area',14514,2),(19812,'和政县','14513.6','area',14514,2),(19811,'广河县','14513.5','area',14514,2),(19810,'永靖县','14513.4','area',14513,2),(19809,'康乐县','14513.3','area',14513,2),(19808,'临夏县','14513.2','area',14513,2),(19807,'临夏市','14513.1','area',14513,2),(19806,'临夏回族自治州','14513','area',14513,1),(19805,'两当县','14512.9','area',14513,2),(19804,'徽　县','14512.8','area',14513,2),(19803,'礼　县','14512.7','area',14513,2),(19802,'西和县','14512.6','area',14513,2),(19801,'康　县','14512.5','area',14513,2),(19800,'宕昌县','14512.4','area',14512,2),(19799,'文　县','14512.3','area',14512,2),(19798,'成　县','14512.2','area',14512,2),(19797,'武都区','14512.1','area',14512,2),(19796,'陇南市','14512','area',14512,1),(19795,'岷　县','14511.7','area',14512,2),(19794,'漳　县','14511.6','area',14512,2),(19793,'临洮县','14511.5','area',14512,2),(19792,'渭源县','14511.4','area',14511,2),(19791,'陇西县','14511.3','area',14511,2),(19790,'通渭县','14511.2','area',14511,2),(19789,'安定区','14511.1','area',14511,2),(19788,'定西市','14511','area',14511,1),(19787,'镇原县','14510.8','area',14511,2),(19786,'宁　县','14510.7','area',14511,2),(19785,'正宁县','14510.6','area',14511,2),(19784,'合水县','14510.5','area',14511,2),(19783,'华池县','14510.4','area',14510,2),(19782,'环　县','14510.3','area',14510,2),(19781,'庆城县','14510.2','area',14510,2),(19780,'西峰区','14510.1','area',14510,2),(19779,'庆阳市','14510','area',14510,1),(19778,'敦煌市','14509.7','area',14510,2),(19777,'玉门市','14509.6','area',14510,2),(19776,'阿克塞哈萨克族自治县','14509.5','area',14510,2),(19775,'肃北蒙古族自治县','14509.4','area',14509,2),(19774,'安西县','14509.3','area',14509,2),(19773,'金塔县','14509.2','area',14509,2),(19772,'肃州区','14509.1','area',14509,2),(19771,'酒泉市','14509','area',14509,1),(19770,'静宁县','14508.7','area',14509,2),(19769,'庄浪县','14508.6','area',14509,2),(19768,'华亭县','14508.5','area',14509,2),(19767,'崇信县','14508.4','area',14508,2),(19766,'灵台县','14508.3','area',14508,2),(19765,'泾川县','14508.2','area',14508,2),(19764,'崆峒区','14508.1','area',14508,2),(19763,'平凉市','14508','area',14508,1),(19762,'山丹县','14507.6','area',14508,2),(19761,'高台县','14507.5','area',14508,2),(19760,'临泽县','14507.4','area',14507,2),(19759,'民乐县','14507.3','area',14507,2),(19758,'肃南裕固族自治县','14507.2','area',14507,2),(19757,'甘州区','14507.1','area',14507,2),(19756,'张掖市','14507','area',14507,1),(19755,'天祝藏族自治县','14506.4','area',14506,2),(19754,'古浪县','14506.3','area',14506,2),(19753,'民勤县','14506.2','area',14506,2),(19752,'凉州区','14506.1','area',14506,2),(19751,'武威市','14506','area',14506,1),(19750,'张家川回族自治县','14505.7','area',14506,2),(19749,'武山县','14505.6','area',14506,2),(19748,'甘谷县','14505.5','area',14506,2),(19747,'秦安县','14505.4','area',14505,2),(19746,'清水县','14505.3','area',14505,2),(19745,'北道区','14505.2','area',14505,2),(19744,'秦城区','14505.1','area',14505,2),(19743,'天水市','14505','area',14505,1),(19742,'景泰县','14504.5','area',14505,2),(19741,'会宁县','14504.4','area',14504,2),(19740,'靖远县','14504.3','area',14504,2),(19739,'平川区','14504.2','area',14504,2),(19738,'白银区','14504.1','area',14504,2),(19737,'白银市','14504','area',14504,1),(19736,'永昌县','14503.2','area',14503,2),(19735,'金川区','14503.1','area',14503,2),(19734,'金昌市','14503','area',14503,1),(19733,'嘉峪关市','14502','area',14502,1),(19732,'榆中县','14501.8','area',14502,2),(19731,'皋兰县','14501.7','area',14502,2),(19730,'永登县','14501.6','area',14502,2),(19729,'红古区','14501.5','area',14502,2),(19728,'安宁区','14501.4','area',14501,2),(19727,'西固区','14501.3','area',14501,2),(19726,'七里河区','14501.2','area',14501,2),(19725,'城关区','14501.1','area',14501,2),(19724,'兰州市','14501','area',14501,1),(19723,'甘肃省','14500','area',14500,0),(19722,'柞水县','14010.7','area',14011,2),(19721,'镇安县','14010.6','area',14011,2),(19720,'山阳县','14010.5','area',14011,2),(19719,'商南县','14010.4','area',14010,2),(19718,'丹凤县','14010.3','area',14010,2),(19717,'洛南县','14010.2','area',14010,2),(19716,'商州区','14010.1','area',14010,2),(19715,'商洛市','14010','area',14010,1),(19714,'白河县','14009.10','area',14009,2),(19713,'旬阳县','14009.9','area',14010,2),(19712,'镇坪县','14009.8','area',14010,2),(19711,'平利县','14009.7','area',14010,2),(19710,'岚皋县','14009.6','area',14010,2),(19709,'紫阳县','14009.5','area',14010,2),(19708,'宁陕县','14009.4','area',14009,2),(19707,'石泉县','14009.3','area',14009,2),(19706,'汉阴县','14009.2','area',14009,2),(19705,'汉滨区','14009.1','area',14009,2),(19704,'安康市','14009','area',14009,1),(19703,'子洲县','14008.12','area',14008,2),(19702,'清涧县','14008.11','area',14008,2),(19701,'吴堡县','14008.10','area',14008,2),(19700,'佳　县','14008.9','area',14009,2),(19699,'米脂县','14008.8','area',14009,2),(19698,'绥德县','14008.7','area',14009,2),(19697,'定边县','14008.6','area',14009,2),(19696,'靖边县','14008.5','area',14009,2),(19695,'横山县','14008.4','area',14008,2),(19694,'府谷县','14008.3','area',14008,2),(19693,'神木县','14008.2','area',14008,2),(19692,'榆阳区','14008.1','area',14008,2),(19691,'榆林市','14008','area',14008,1),(19690,'佛坪县','14007.11','area',14007,2),(19689,'留坝县','14007.10','area',14007,2),(19688,'镇巴县','14007.9','area',14008,2),(19687,'略阳县','14007.8','area',14008,2),(19686,'宁强县','14007.7','area',14008,2),(19685,'勉　县','14007.6','area',14008,2),(19684,'西乡县','14007.5','area',14008,2),(19683,'洋　县','14007.4','area',14007,2),(19682,'城固县','14007.3','area',14007,2),(19681,'南郑县','14007.2','area',14007,2),(19680,'汉台区','14007.1','area',14007,2),(19679,'汉中市','14007','area',14007,1),(19678,'黄陵县','14006.13','area',14006,2),(19677,'黄龙县','14006.12','area',14006,2),(19676,'宜川县','14006.11','area',14006,2),(19675,'洛川县','14006.10','area',14006,2),(19674,'富　县','14006.9','area',14007,2),(19673,'甘泉县','14006.8','area',14007,2),(19672,'吴旗县','14006.7','area',14007,2),(19671,'志丹县','14006.6','area',14007,2),(19670,'安塞县','14006.5','area',14007,2),(19669,'子长县','14006.4','area',14006,2),(19668,'延川县','14006.3','area',14006,2),(19667,'延长县','14006.2','area',14006,2),(19666,'宝塔区','14006.1','area',14006,2),(19665,'延安市','14006','area',14006,1),(19664,'华阴市','14005.11','area',14005,2),(19663,'韩城市','14005.10','area',14005,2),(19662,'富平县','14005.9','area',14006,2),(19661,'白水县','14005.8','area',14006,2),(19660,'蒲城县','14005.7','area',14006,2),(19659,'澄城县','14005.6','area',14006,2),(19658,'合阳县','14005.5','area',14006,2),(19657,'大荔县','14005.4','area',14005,2),(19656,'潼关县','14005.3','area',14005,2),(19655,'华　县','14005.2','area',14005,2),(19654,'临渭区','14005.1','area',14005,2),(19653,'渭南市','14005','area',14005,1),(19652,'兴平市','14004.14','area',14004,2),(19651,'武功县','14004.13','area',14004,2),(19650,'淳化县','14004.12','area',14004,2),(19649,'旬邑县','14004.11','area',14004,2),(19648,'长武县','14004.10','area',14004,2),(19647,'彬　县','14004.9','area',14005,2),(19646,'永寿县','14004.8','area',14005,2),(19645,'礼泉县','14004.7','area',14005,2),(19644,'乾　县','14004.6','area',14005,2),(19643,'泾阳县','14004.5','area',14005,2),(19642,'三原县','14004.4','area',14004,2),(19641,'渭城区','14004.3','area',14004,2),(19640,'杨凌区','14004.2','area',14004,2),(19639,'秦都区','14004.1','area',14004,2),(19638,'咸阳市','14004','area',14004,1),(19637,'太白县','14003.12','area',14003,2),(19636,'凤　县','14003.11','area',14003,2),(19635,'麟游县','14003.10','area',14003,2),(19634,'千阳县','14003.9','area',14004,2),(19633,'陇　县','14003.8','area',14004,2),(19632,'眉　县','14003.7','area',14004,2),(19631,'扶风县','14003.6','area',14004,2),(19630,'岐山县','14003.5','area',14004,2),(19629,'凤翔县','14003.4','area',14003,2),(19628,'陈仓区','14003.3','area',14003,2),(19627,'金台区','14003.2','area',14003,2),(19626,'滨区','14003.1','area',14003,2),(19625,'宝鸡市','14003','area',14003,1),(19624,'宜君县','14002.4','area',14002,2),(19623,'耀州区','14002.3','area',14002,2),(19622,'印台区','14002.2','area',14002,2),(19621,'王益区','14002.1','area',14002,2),(19620,'铜川市','14002','area',14002,1),(19619,'高陵县','14001.13','area',14001,2),(19618,'户　县','14001.12','area',14001,2),(19617,'周至县','14001.11','area',14001,2),(19616,'蓝田县','14001.10','area',14001,2),(19615,'长安区','14001.9','area',14002,2),(19614,'临潼区','14001.8','area',14002,2),(19613,'阎良区','14001.7','area',14002,2),(19612,'雁塔区','14001.6','area',14002,2),(19611,'未央区','14001.5','area',14002,2),(19610,'灞桥区','14001.4','area',14001,2),(19609,'莲湖区','14001.3','area',14001,2),(19608,'碑林区','14001.2','area',14001,2),(19607,'新城区','14001.1','area',14001,2),(19606,'西安市','14001','area',14001,1),(19605,'陕西省','14000','area',14000,0),(19604,'朗　县','13507.7','area',13508,2),(19603,'察隅县','13507.6','area',13508,2),(19602,'波密县','13507.5','area',13508,2),(19601,'墨脱县','13507.4','area',13507,2),(19600,'米林县','13507.3','area',13507,2),(19599,'工布江达县','13507.2','area',13507,2),(19598,'林芝县','13507.1','area',13507,2),(19597,'林芝地区','13507','area',13507,1),(19596,'措勤县','13506.7','area',13507,2),(19595,'改则县','13506.6','area',13507,2),(19594,'革吉县','13506.5','area',13507,2),(19593,'日土县','13506.4','area',13506,2),(19592,'噶尔县','13506.3','area',13506,2),(19591,'札达县','13506.2','area',13506,2),(19590,'普兰县','13506.1','area',13506,2),(19589,'阿里地区','13506','area',13506,1),(19588,'尼玛县','13505.10','area',13505,2),(19587,'巴青县','13505.9','area',13506,2),(19586,'班戈县','13505.8','area',13506,2),(19585,'索　县','13505.7','area',13506,2),(19584,'申扎县','13505.6','area',13506,2),(19583,'安多县','13505.5','area',13506,2),(19582,'聂荣县','13505.4','area',13505,2),(19581,'比如县','13505.3','area',13505,2),(19580,'嘉黎县','13505.2','area',13505,2),(19579,'那曲县','13505.1','area',13505,2),(19578,'那曲地区','13505','area',13505,1),(19577,'岗巴县','13504.18','area',13504,2),(19576,'萨嘎县','13504.17','area',13504,2),(19575,'聂拉木县','13504.16','area',13504,2),(19574,'吉隆县','13504.15','area',13504,2),(19573,'亚东县','13504.14','area',13504,2),(19572,'仲巴县','13504.13','area',13504,2),(19571,'定结县','13504.12','area',13504,2),(19570,'康马县','13504.11','area',13504,2),(19569,'仁布县','13504.10','area',13504,2),(19568,'白朗县','13504.9','area',13505,2),(19567,'谢通门县','13504.8','area',13505,2),(19566,'昂仁县','13504.7','area',13505,2),(19565,'拉孜县','13504.6','area',13505,2),(19564,'萨迦县','13504.5','area',13505,2),(19563,'定日县','13504.4','area',13504,2),(19562,'江孜县','13504.3','area',13504,2),(19561,'南木林县','13504.2','area',13504,2),(19560,'日喀则市','13504.1','area',13504,2),(19559,'日喀则地区','13504','area',13504,1),(19558,'浪卡子县','13503.12','area',13503,2),(19557,'错那县','13503.11','area',13503,2),(19556,'隆子县','13503.10','area',13503,2),(19555,'加查县','13503.9','area',13504,2),(19554,'洛扎县','13503.8','area',13504,2),(19553,'措美县','13503.7','area',13504,2),(19552,'曲松县','13503.6','area',13504,2),(19551,'琼结县','13503.5','area',13504,2),(19550,'桑日县','13503.4','area',13503,2),(19549,'贡嘎县','13503.3','area',13503,2),(19548,'扎囊县','13503.2','area',13503,2),(19547,'乃东县','13503.1','area',13503,2),(19546,'山南地区','13503','area',13503,1),(19545,'边坝县','13502.11','area',13502,2),(19544,'洛隆县','13502.10','area',13502,2),(19543,'芒康县','13502.9','area',13503,2),(19542,'左贡县','13502.8','area',13503,2),(19541,'八宿县','13502.7','area',13503,2),(19540,'察雅县','13502.6','area',13503,2),(19539,'丁青县','13502.5','area',13503,2),(19538,'类乌齐县','13502.4','area',13502,2),(19537,'贡觉县','13502.3','area',13502,2),(19536,'江达县','13502.2','area',13502,2),(19535,'昌都县','13502.1','area',13502,2),(19534,'昌都地区','13502','area',13502,1),(19533,'墨竹工卡县','13501.8','area',13502,2),(19532,'达孜县','13501.7','area',13502,2),(19531,'堆龙德庆县','13501.6','area',13502,2),(19530,'曲水县','13501.5','area',13502,2),(19529,'尼木县','13501.4','area',13501,2),(19528,'当雄县','13501.3','area',13501,2),(19527,'林周县','13501.2','area',13501,2),(19526,'城关区','13501.1','area',13501,2),(19525,'拉萨市','13501','area',13501,1),(19524,'西藏自治区','13500','area',13500,0),(19523,'维西傈僳族自治县','13016.3','area',13016,2),(19522,'德钦县','13016.2','area',13016,2),(19521,'香格里拉县','13016.1','area',13016,2),(19520,'迪庆藏族自治州','13016','area',13016,1),(19519,'兰坪白族普米族自治县','13015.4','area',13015,2),(19518,'贡山独龙族怒族自治县','13015.3','area',13015,2),(19517,'福贡县','13015.2','area',13015,2),(19516,'泸水县','13015.1','area',13015,2),(19515,'怒江傈僳族自治州','13015','area',13015,1),(19514,'陇川县','13014.5','area',13015,2),(19513,'盈江县','13014.4','area',13014,2),(19512,'梁河县','13014.3','area',13014,2),(19511,'潞西市','13014.2','area',13014,2),(19510,'瑞丽市','13014.1','area',13014,2),(19509,'德宏傣族景颇族自治州','13014','area',13014,1),(19508,'鹤庆县','13013.12','area',13013,2),(19507,'剑川县','13013.11','area',13013,2),(19506,'洱源县','13013.10','area',13013,2),(19505,'云龙县','13013.9','area',13014,2),(19504,'永平县','13013.8','area',13014,2),(19503,'巍山彝族回族自治县','13013.7','area',13014,2),(19502,'南涧彝族自治县','13013.6','area',13014,2),(19501,'弥渡县','13013.5','area',13014,2),(19500,'宾川县','13013.4','area',13013,2),(19499,'祥云县','13013.3','area',13013,2),(19498,'漾濞彝族自治县','13013.2','area',13013,2),(19497,'大理市','13013.1','area',13013,2),(19496,'大理白族自治州','13013','area',13013,1),(19495,'勐腊县','13012.3','area',13012,2),(19494,'勐海县','13012.2','area',13012,2),(19493,'景洪市','13012.1','area',13012,2),(19492,'西双版纳傣族自治州','13012','area',13012,1),(19491,'富宁县','13011.8','area',13012,2),(19490,'广南县','13011.7','area',13012,2),(19489,'丘北县','13011.6','area',13012,2),(19488,'马关县','13011.5','area',13012,2),(19487,'麻栗坡县','13011.4','area',13011,2),(19486,'西畴县','13011.3','area',13011,2),(19485,'砚山县','13011.2','area',13011,2),(19484,'文山县','13011.1','area',13011,2),(19483,'文山壮族苗族自治州','13011','area',13011,1),(19482,'河口瑶族自治县','13010.12','area',13010,2),(19481,'绿春县','13010.11','area',13010,2),(19480,'金平苗族瑶族傣族自治县','13010.10','area',13010,2),(19479,'元阳县','13010.9','area',13011,2),(19478,'泸西县','13010.8','area',13011,2),(19477,'弥勒县','13010.7','area',13011,2),(19476,'石屏县','13010.6','area',13011,2),(19475,'建水县','13010.5','area',13011,2),(19474,'屏边苗族自治县','13010.4','area',13010,2),(19473,'蒙自县','13010.3','area',13010,2),(19472,'开远市','13010.2','area',13010,2),(19471,'个旧市','13010.1','area',13010,2),(19470,'红河哈尼族彝族自治州','13010','area',13010,1),(19469,'禄丰县','13009.10','area',13009,2),(19468,'武定县','13009.9','area',13010,2),(19467,'元谋县','13009.8','area',13010,2),(19466,'永仁县','13009.7','area',13010,2),(19465,'大姚县','13009.6','area',13010,2),(19464,'姚安县','13009.5','area',13010,2),(19463,'南华县','13009.4','area',13009,2),(19462,'牟定县','13009.3','area',13009,2),(19461,'双柏县','13009.2','area',13009,2),(19460,'楚雄市','13009.1','area',13009,2),(19459,'楚雄彝族自治州','13009','area',13009,1),(19458,'沧源佤族自治县','13008.8','area',13009,2),(19457,'耿马傣族佤族自治县','13008.7','area',13009,2),(19456,'双江拉祜族佤族布朗族傣族自治县','13008.6','area',13009,2),(19455,'镇康县','13008.5','area',13009,2),(19454,'永德县','13008.4','area',13008,2),(19453,'云　县','13008.3','area',13008,2),(19452,'凤庆县','13008.2','area',13008,2),(19451,'临翔区','13008.1','area',13008,2),(19450,'临沧市','13008','area',13008,1),(19449,'西盟佤族自治县','13007.10','area',13007,2),(19448,'澜沧拉祜族自治县','13007.9','area',13008,2),(19447,'孟连傣族拉祜族佤族自治县','13007.8','area',13008,2),(19446,'江城哈尼族彝族自治县','13007.7','area',13008,2),(19445,'镇沅彝族哈尼族拉祜族自治县','13007.6','area',13008,2),(19444,'景谷傣族彝族自治县','13007.5','area',13008,2),(19443,'景东彝族自治县','13007.4','area',13007,2),(19442,'墨江哈尼族自治县','13007.3','area',13007,2),(19441,'普洱哈尼族彝族自治县','13007.2','area',13007,2),(19440,'翠云区','13007.1','area',13007,2),(19439,'思茅市','13007','area',13007,1),(19438,'宁蒗彝族自治县','13006.5','area',13007,2),(19437,'华坪县','13006.4','area',13006,2),(19436,'永胜县','13006.3','area',13006,2),(19435,'玉龙纳西族自治县','13006.2','area',13006,2),(19434,'古城区','13006.1','area',13006,2),(19433,'丽江市','13006','area',13006,1),(19432,'水富县','13005.11','area',13005,2),(19431,'威信县','13005.10','area',13005,2),(19430,'彝良县','13005.9','area',13006,2),(19429,'镇雄县','13005.8','area',13006,2),(19428,'绥江县','13005.7','area',13006,2),(19427,'永善县','13005.6','area',13006,2),(19426,'大关县','13005.5','area',13006,2),(19425,'盐津县','13005.4','area',13005,2),(19424,'巧家县','13005.3','area',13005,2),(19423,'鲁甸县','13005.2','area',13005,2),(19422,'昭阳区','13005.1','area',13005,2),(19421,'昭通市','13005','area',13005,1),(19420,'昌宁县','13004.5','area',13005,2),(19419,'龙陵县','13004.4','area',13004,2),(19418,'腾冲县','13004.3','area',13004,2),(19417,'施甸县','13004.2','area',13004,2),(19416,'隆阳区','13004.1','area',13004,2),(19415,'保山市','13004','area',13004,1),(19414,'元江哈尼族彝族傣族自治县','13003.9','area',13004,2),(19413,'新平彝族傣族自治县','13003.8','area',13004,2),(19412,'峨山彝族自治县','13003.7','area',13004,2),(19411,'易门县','13003.6','area',13004,2),(19410,'华宁县','13003.5','area',13004,2),(19409,'通海县','13003.4','area',13003,2),(19408,'澄江县','13003.3','area',13003,2),(19407,'江川县','13003.2','area',13003,2),(19406,'红塔区','13003.1','area',13003,2),(19405,'玉溪市','13003','area',13003,1),(19404,'宣威市','13002.9','area',13003,2),(19403,'沾益县','13002.8','area',13003,2),(19402,'会泽县','13002.7','area',13003,2),(19401,'富源县','13002.6','area',13003,2),(19400,'罗平县','13002.5','area',13003,2),(19399,'师宗县','13002.4','area',13002,2),(19398,'陆良县','13002.3','area',13002,2),(19397,'马龙县','13002.2','area',13002,2),(19396,'麒麟区','13002.1','area',13002,2),(19395,'曲靖市','13002','area',13002,1),(19394,'安宁市','13001.14','area',13001,2),(19393,'寻甸回族彝族自治县','13001.13','area',13001,2),(19392,'禄劝彝族苗族自治县','13001.12','area',13001,2),(19391,'嵩明县','13001.11','area',13001,2),(19390,'石林彝族自治县','13001.10','area',13001,2),(19389,'宜良县','13001.9','area',13002,2),(19388,'富民县','13001.8','area',13002,2),(19387,'晋宁县','13001.7','area',13002,2),(19386,'呈贡县','13001.6','area',13002,2),(19385,'东川区','13001.5','area',13002,2),(19384,'西山区','13001.4','area',13001,2),(19383,'官渡区','13001.3','area',13001,2),(19382,'盘龙区','13001.2','area',13001,2),(19381,'五华区','13001.1','area',13001,2),(19380,'昆明市','13001','area',13001,1),(19379,'云南省','13000','area',13000,0),(19378,'三都水族自治县','12509.12','area',12509,2),(19377,'惠水县','12509.11','area',12509,2),(19376,'龙里县','12509.10','area',12509,2),(19375,'长顺县','12509.9','area',12510,2),(19374,'罗甸县','12509.8','area',12510,2),(19373,'平塘县','12509.7','area',12510,2),(19372,'独山县','12509.6','area',12510,2),(19371,'瓮安县','12509.5','area',12510,2),(19370,'贵定县','12509.4','area',12509,2),(19369,'荔波县','12509.3','area',12509,2),(19368,'福泉市','12509.2','area',12509,2),(19367,'都匀市','12509.1','area',12509,2),(19366,'黔南布依族苗族自治州','12509','area',12509,1),(19365,'麻江县','12508.15','area',12508,2),(19364,'雷山县','12508.14','area',12508,2),(19363,'从江县','12508.13','area',12508,2),(19362,'榕江县','12508.12','area',12508,2),(19361,'黎平县','12508.11','area',12508,2),(19360,'台江县','12508.10','area',12508,2),(19359,'剑河县','12508.9','area',12509,2),(19358,'锦屏县','12508.8','area',12509,2),(19357,'天柱县','12508.7','area',12509,2),(19356,'岑巩县','12508.6','area',12509,2),(19355,'镇远县','12508.5','area',12509,2),(19354,'三穗县','12508.4','area',12508,2),(19353,'施秉县','12508.3','area',12508,2),(19352,'黄平县','12508.2','area',12508,2),(19351,'凯里市','12508.1','area',12508,2),(19350,'黔东南苗族侗族自治州','12508','area',12508,1),(19349,'赫章县','12507.8','area',12508,2),(19348,'威宁彝族回族苗族自治县','12507.7','area',12508,2),(19347,'纳雍县','12507.6','area',12508,2),(19346,'织金县','12507.5','area',12508,2),(19345,'金沙县','12507.4','area',12507,2),(19344,'黔西县','12507.3','area',12507,2),(19343,'大方县','12507.2','area',12507,2),(19342,'毕节市','12507.1','area',12507,2),(19341,'毕节地区','12507','area',12507,1),(19340,'安龙县','12506.8','area',12507,2),(19339,'册亨县','12506.7','area',12507,2),(19338,'望谟县','12506.6','area',12507,2),(19337,'贞丰县','12506.5','area',12507,2),(19336,'晴隆县','12506.4','area',12506,2),(19335,'普安县','12506.3','area',12506,2),(19334,'兴仁县','12506.2','area',12506,2),(19333,'兴义市','12506.1','area',12506,2),(19332,'黔西南布依族苗族自治州','12506','area',12506,1),(19331,'万山特区','12505.10','area',12505,2),(19330,'松桃苗族自治县','12505.9','area',12506,2),(19329,'沿河土家族自治县','12505.8','area',12506,2),(19328,'德江县','12505.7','area',12506,2),(19327,'印江土家族苗族自治县','12505.6','area',12506,2),(19326,'思南县','12505.5','area',12506,2),(19325,'石阡县','12505.4','area',12505,2),(19324,'玉屏侗族自治县','12505.3','area',12505,2),(19323,'江口县','12505.2','area',12505,2),(19322,'铜仁市','12505.1','area',12505,2),(19321,'铜仁地区','12505','area',12505,1),(19320,'紫云苗族布依族自治县','12504.6','area',12505,2),(19319,'关岭布依族苗族自治县','12504.5','area',12505,2),(19318,'镇宁布依族苗族自治县','12504.4','area',12504,2),(19317,'普定县','12504.3','area',12504,2),(19316,'平坝县','12504.2','area',12504,2),(19315,'西秀区','12504.1','area',12504,2),(19314,'安顺市','12504','area',12504,1),(19313,'仁怀市','12503.14','area',12503,2),(19312,'赤水市','12503.13','area',12503,2),(19311,'习水县','12503.12','area',12503,2),(19310,'余庆县','12503.11','area',12503,2),(19309,'湄潭县','12503.10','area',12503,2),(19308,'凤冈县','12503.9','area',12504,2),(19307,'务川仡佬族苗族自治县','12503.8','area',12504,2),(19306,'道真仡佬族苗族自治县','12503.7','area',12504,2),(19305,'正安县','12503.6','area',12504,2),(19304,'绥阳县','12503.5','area',12504,2),(19303,'桐梓县','12503.4','area',12503,2),(19302,'遵义县','12503.3','area',12503,2),(19301,'汇川区','12503.2','area',12503,2),(19300,'红花岗区','12503.1','area',12503,2),(19299,'遵义市','12503','area',12503,1),(19298,'盘　县','12502.4','area',12502,2),(19297,'水城县','12502.3','area',12502,2),(19296,'六枝特区','12502.2','area',12502,2),(19295,'钟山区','12502.1','area',12502,2),(19294,'六盘水市','12502','area',12502,1),(19293,'清镇市','12501.10','area',12501,2),(19292,'修文县','12501.9','area',12502,2),(19291,'息烽县','12501.8','area',12502,2),(19290,'开阳县','12501.7','area',12502,2),(19289,'小河区','12501.6','area',12502,2),(19288,'白云区','12501.5','area',12502,2),(19287,'乌当区','12501.4','area',12501,2),(19286,'花溪区','12501.3','area',12501,2),(19285,'云岩区','12501.2','area',12501,2),(19284,'南明区','12501.1','area',12501,2),(19283,'贵阳市','12501','area',12501,1),(19282,'贵州省','12500','area',12500,0),(19281,'雷波县','12021.17','area',12021,2),(19280,'美姑县','12021.16','area',12021,2),(19279,'甘洛县','12021.15','area',12021,2),(19278,'越西县','12021.14','area',12021,2),(19277,'冕宁县','12021.13','area',12021,2),(19276,'喜德县','12021.12','area',12021,2),(19275,'昭觉县','12021.11','area',12021,2),(19274,'金阳县','12021.10','area',12021,2),(19273,'布拖县','12021.9','area',12022,2),(19272,'普格县','12021.8','area',12022,2),(19271,'宁南县','12021.7','area',12022,2),(19270,'会东县','12021.6','area',12022,2),(19269,'会理县','12021.5','area',12022,2),(19268,'德昌县','12021.4','area',12021,2),(19267,'盐源县','12021.3','area',12021,2),(19266,'木里藏族自治县','12021.2','area',12021,2),(19265,'西昌市','12021.1','area',12021,2),(19264,'凉山彝族自治州','12021','area',12021,1),(19263,'得荣县','12020.18','area',12020,2),(19262,'稻城县','12020.17','area',12020,2),(19261,'乡城县','12020.16','area',12020,2),(19260,'巴塘县','12020.15','area',12020,2),(19259,'理塘县','12020.14','area',12020,2),(19258,'色达县','12020.13','area',12020,2),(19257,'石渠县','12020.12','area',12020,2),(19256,'白玉县','12020.11','area',12020,2),(19255,'德格县','12020.10','area',12020,2),(19254,'新龙县','12020.9','area',12021,2),(19253,'甘孜县','12020.8','area',12021,2),(19252,'炉霍县','12020.7','area',12021,2),(19251,'道孚县','12020.6','area',12021,2),(19250,'雅江县','12020.5','area',12021,2),(19249,'九龙县','12020.4','area',12020,2),(19248,'丹巴县','12020.3','area',12020,2),(19247,'泸定县','12020.2','area',12020,2),(19246,'康定县','12020.1','area',12020,2),(19245,'甘孜藏族自治州','12020','area',12020,1),(19244,'红原县','12019.13','area',12019,2),(19243,'若尔盖县','12019.12','area',12019,2),(19242,'阿坝县','12019.11','area',12019,2),(19241,'壤塘县','12019.10','area',12019,2),(19240,'马尔康县','12019.9','area',12020,2),(19239,'黑水县','12019.8','area',12020,2),(19238,'小金县','12019.7','area',12020,2),(19237,'金川县','12019.6','area',12020,2),(19236,'九寨沟县','12019.5','area',12020,2),(19235,'松潘县','12019.4','area',12019,2),(19234,'茂　县','12019.3','area',12019,2),(19233,'理　县','12019.2','area',12019,2),(19232,'汶川县','12019.1','area',12019,2),(19231,'阿坝藏族羌族自治州','12019','area',12019,1),(19230,'简阳市','12018.4','area',12018,2),(19229,'乐至县','12018.3','area',12018,2),(19228,'安岳县','12018.2','area',12018,2),(19227,'雁江区','12018.1','area',12018,2),(19226,'资阳市','12018','area',12018,1),(19225,'平昌县','12017.4','area',12017,2),(19224,'南江县','12017.3','area',12017,2),(19223,'通江县','12017.2','area',12017,2),(19222,'巴州区','12017.1','area',12017,2),(19221,'巴中市','12017','area',12017,1),(19220,'宝兴县','12016.8','area',12017,2),(19219,'芦山县','12016.7','area',12017,2),(19218,'天全县','12016.6','area',12017,2),(19217,'石棉县','12016.5','area',12017,2),(19216,'汉源县','12016.4','area',12016,2),(19215,'荥经县','12016.3','area',12016,2),(19214,'名山县','12016.2','area',12016,2),(19213,'雨城区','12016.1','area',12016,2),(19212,'雅安市','12016','area',12016,1),(19211,'万源市','12015.7','area',12016,2),(19210,'渠　县','12015.6','area',12016,2),(19209,'大竹县','12015.5','area',12016,2),(19208,'开江县','12015.4','area',12015,2),(19207,'宣汉县','12015.3','area',12015,2),(19206,'达　县','12015.2','area',12015,2),(19205,'通川区','12015.1','area',12015,2),(19204,'达州市','12015','area',12015,1),(19203,'华莹市','12014.5','area',12015,2),(19202,'邻水县','12014.4','area',12014,2),(19201,'武胜县','12014.3','area',12014,2),(19200,'岳池县','12014.2','area',12014,2),(19199,'广安区','12014.1','area',12014,2),(19198,'广安市','12014','area',12014,1),(19197,'屏山县','12013.10','area',12013,2),(19196,'兴文县','12013.9','area',12014,2),(19195,'筠连县','12013.8','area',12014,2),(19194,'珙　县','12013.7','area',12014,2),(19193,'高　县','12013.6','area',12014,2),(19192,'长宁县','12013.5','area',12014,2),(19191,'江安县','12013.4','area',12013,2),(19190,'南溪县','12013.3','area',12013,2),(19189,'宜宾县','12013.2','area',12013,2),(19188,'翠屏区','12013.1','area',12013,2),(19187,'宜宾市','12013','area',12013,1),(19186,'青神县','12012.6','area',12013,2),(19185,'丹棱县','12012.5','area',12013,2),(19184,'洪雅县','12012.4','area',12012,2),(19183,'彭山县','12012.3','area',12012,2),(19182,'仁寿县','12012.2','area',12012,2),(19181,'东坡区','12012.1','area',12012,2),(19180,'眉山市','12012','area',12012,1),(19179,'阆中市','12011.9','area',12012,2),(19178,'西充县','12011.8','area',12012,2),(19177,'仪陇县','12011.7','area',12012,2),(19176,'蓬安县','12011.6','area',12012,2),(19175,'营山县','12011.5','area',12012,2),(19174,'南部县','12011.4','area',12011,2),(19173,'嘉陵区','12011.3','area',12011,2),(19172,'高坪区','12011.2','area',12011,2),(19171,'顺庆区','12011.1','area',12011,2),(19170,'南充市','12011','area',12011,1),(19169,'峨眉山市','12010.11','area',12010,2),(19168,'马边彝族自治县','12010.10','area',12010,2),(19167,'峨边彝族自治县','12010.9','area',12011,2),(19166,'沐川县','12010.8','area',12011,2),(19165,'夹江县','12010.7','area',12011,2),(19164,'井研县','12010.6','area',12011,2),(19163,'犍为县','12010.5','area',12011,2),(19162,'金口河区','12010.4','area',12010,2),(19161,'五通桥区','12010.3','area',12010,2),(19160,'沙湾区','12010.2','area',12010,2),(19159,'市中区','12010.1','area',12010,2),(19158,'乐山市','12010','area',12010,1),(19157,'隆昌县','12009.5','area',12010,2),(19156,'资中县','12009.4','area',12009,2),(19155,'威远县','12009.3','area',12009,2),(19154,'东兴区','12009.2','area',12009,2),(19153,'市中区','12009.1','area',12009,2),(19152,'内江市','12009','area',12009,1),(19151,'大英县','12008.5','area',12009,2),(19150,'射洪县','12008.4','area',12008,2),(19149,'蓬溪县','12008.3','area',12008,2),(19148,'安居区','12008.2','area',12008,2),(19147,'船山区','12008.1','area',12008,2),(19146,'遂宁市','12008','area',12008,1),(19145,'苍溪县','12007.7','area',12008,2),(19144,'剑阁县','12007.6','area',12008,2),(19143,'青川县','12007.5','area',12008,2),(19142,'旺苍县','12007.4','area',12007,2),(19141,'朝天区','12007.3','area',12007,2),(19140,'元坝区','12007.2','area',12007,2),(19139,'市中区','12007.1','area',12007,2),(19138,'广元市','12007','area',12007,1),(19137,'江油市','12006.9','area',12007,2),(19136,'平武县','12006.8','area',12007,2),(19135,'北川羌族自治县','12006.7','area',12007,2),(19134,'梓潼县','12006.6','area',12007,2),(19133,'安　县','12006.5','area',12007,2),(19132,'盐亭县','12006.4','area',12006,2),(19131,'三台县','12006.3','area',12006,2),(19130,'游仙区','12006.2','area',12006,2),(19129,'涪城区','12006.1','area',12006,2),(19128,'绵阳市','12006','area',12006,1),(19127,'绵竹市','12005.6','area',12006,2),(19126,'什邡市','12005.5','area',12006,2),(19125,'广汉市','12005.4','area',12005,2),(19124,'罗江县','12005.3','area',12005,2),(19123,'中江县','12005.2','area',12005,2),(19122,'旌阳区','12005.1','area',12005,2),(19121,'德阳市','12005','area',12005,1),(19120,'古蔺县','12004.7','area',12005,2),(19119,'叙永县','12004.6','area',12005,2),(19118,'合江县','12004.5','area',12005,2),(19117,'泸　县','12004.4','area',12004,2),(19116,'龙马潭区','12004.3','area',12004,2),(19115,'纳溪区','12004.2','area',12004,2),(19114,'江阳区','12004.1','area',12004,2),(19113,'泸州市','12004','area',12004,1),(19112,'盐边县','12003.5','area',12004,2),(19111,'米易县','12003.4','area',12003,2),(19110,'仁和区','12003.3','area',12003,2),(19109,'西　区','12003.2','area',12003,2),(19108,'东　区','12003.1','area',12003,2),(19107,'攀枝花市','12003','area',12003,1),(19106,'富顺县','12002.6','area',12003,2),(19105,'荣　县','12002.5','area',12003,2),(19104,'沿滩区','12002.4','area',12002,2),(19103,'大安区','12002.3','area',12002,2),(19102,'贡井区','12002.2','area',12002,2),(19101,'自流井区','12002.1','area',12002,2),(19100,'自贡市','12002','area',12002,1),(19099,'崇州市','12001.19','area',12001,2),(19098,'邛崃市','12001.18','area',12001,2),(19097,'彭州市','12001.17','area',12001,2),(19096,'都江堰市','12001.16','area',12001,2),(19095,'新津县','12001.15','area',12001,2),(19094,'蒲江县','12001.14','area',12001,2),(19093,'大邑县','12001.13','area',12001,2),(19092,'郫　县','12001.12','area',12001,2),(19091,'双流县','12001.11','area',12001,2),(19090,'金堂县','12001.10','area',12001,2),(19089,'温江区','12001.9','area',12002,2),(19088,'新都区','12001.8','area',12002,2),(19087,'青白江区','12001.7','area',12002,2),(19086,'龙泉驿区','12001.6','area',12002,2),(19085,'成华区','12001.5','area',12002,2),(19084,'武侯区','12001.4','area',12001,2),(19083,'金牛区','12001.3','area',12001,2),(19082,'青羊区','12001.2','area',12001,2),(19081,'锦江区','12001.1','area',12001,2),(19080,'成都市','12001','area',12001,1),(19079,'四川省','12000','area',12000,0),(19078,'南川市','11540','area',11540,1),(19077,'永川市','11539','area',11539,1),(19076,'合川市','11538','area',11538,1),(19075,'江津市','11537','area',11537,1),(19074,'彭水苗族土家族自治县','11536','area',11536,1),(19073,'酉阳土家族苗族自治县','11535','area',11535,1),(19072,'秀山土家族苗族自治县','11534','area',11534,1),(19071,'石柱土家族自治县','11533','area',11533,1),(19070,'巫溪县','11532','area',11532,1),(19069,'巫山县','11531','area',11531,1),(19068,'奉节县','11530','area',11530,1),(19067,'云阳县','11529','area',11529,1),(19066,'开　县','11528','area',11528,1),(19065,'忠　县','11527','area',11527,1),(19064,'武隆县','11526','area',11526,1),(19063,'垫江县','11525','area',11525,1),(19062,'丰都县','11524','area',11524,1),(19061,'城口县','11523','area',11523,1),(19060,'梁平县','11522','area',11522,1),(19059,'璧山县','11521','area',11521,1),(19058,'荣昌县','11520','area',11520,1),(19057,'大足县','11519','area',11519,1),(19056,'铜梁县','11518','area',11518,1),(19055,'潼南县','11517','area',11517,1),(19054,'綦江县','11516','area',11516,1),(19053,'长寿区','11515','area',11515,1),(19052,'黔江区','11514','area',11514,1),(19051,'巴南区','11513','area',11513,1),(19050,'渝北区','11512','area',11512,1),(19049,'双桥区','11511','area',11511,1),(19048,'万盛区','11510','area',11510,1),(19047,'北碚区','11509','area',11509,1),(19046,'南岸区','11508','area',11508,1),(19045,'九龙坡区','11507','area',11507,1),(19044,'沙坪坝区','11506','area',11506,1),(19043,'江北区','11505','area',11505,1),(19042,'大渡口区','11504','area',11504,1),(19041,'渝中区','11503','area',11503,1),(19040,'涪陵区','11502','area',11502,1),(19039,'万州区','11501','area',11501,1),(19038,'重庆市','11500','area',11500,0),(19037,'中沙群岛的岛礁及其海域','11003.19','area',11003,2),(19036,'南沙群岛','11003.18','area',11003,2),(19035,'西沙群岛','11003.17','area',11003,2),(19034,'琼中黎族苗族自治县','11003.16','area',11003,2),(19033,'保亭黎族苗族自治县','11003.15','area',11003,2),(19032,'陵水黎族自治县','11003.14','area',11003,2),(19031,'乐东黎族自治县','11003.13','area',11003,2),(19030,'昌江黎族自治县','11003.12','area',11003,2),(19029,'白沙黎族自治县','11003.11','area',11003,2),(19028,'临高县','11003.10','area',11003,2),(19027,'澄迈县','11003.9','area',11004,2),(19026,'屯昌县','11003.8','area',11004,2),(19025,'定安县','11003.7','area',11004,2),(19024,'东方市','11003.6','area',11004,2),(19023,'万宁市','11003.5','area',11004,2),(19022,'文昌市','11003.4','area',11003,2),(19021,'儋州市','11003.3','area',11003,2),(19020,'琼海市','11003.2','area',11003,2),(19019,'五指山市','11003.1','area',11003,2),(19018,'省直辖县级行政单位','11003','area',11003,1),(19017,'三亚市','11002','area',11002,1),(19016,'美兰区','11001.4','area',11001,2),(19015,'琼山区','11001.3','area',11001,2),(19014,'龙华区','11001.2','area',11001,2),(19013,'秀英区','11001.1','area',11001,2),(19012,'海口市','11001','area',11001,1),(19011,'海南省','11000','area',11000,0),(19010,'凭祥市','10514.7','area',10515,2),(19009,'天等县','10514.6','area',10515,2),(19008,'大新县','10514.5','area',10515,2),(19007,'龙州县','10514.4','area',10514,2),(19006,'宁明县','10514.3','area',10514,2),(19005,'扶绥县','10514.2','area',10514,2),(19004,'江洲区','10514.1','area',10514,2),(19003,'崇左市','10514','area',10514,1),(19002,'合山市','10513.6','area',10514,2),(19001,'金秀瑶族自治县','10513.5','area',10514,2),(19000,'武宣县','10513.4','area',10513,2),(18999,'象州县','10513.3','area',10513,2),(18998,'忻城县','10513.2','area',10513,2),(18997,'兴宾区','10513.1','area',10513,2),(18996,'来宾市','10513','area',10513,1),(18995,'宜州市','10512.11','area',10512,2),(18994,'大化瑶族自治县','10512.10','area',10512,2),(18993,'都安瑶族自治县','10512.9','area',10513,2),(18992,'巴马瑶族自治县','10512.8','area',10513,2),(18991,'环江毛南族自治县','10512.7','area',10513,2),(18990,'罗城仫佬族自治县','10512.6','area',10513,2),(18989,'东兰县','10512.5','area',10513,2),(18988,'凤山县','10512.4','area',10512,2),(18987,'天峨县','10512.3','area',10512,2),(18986,'南丹县','10512.2','area',10512,2),(18985,'金城江区','10512.1','area',10512,2),(18984,'河池市','10512','area',10512,1),(18983,'富川瑶族自治县','10511.4','area',10511,2),(18982,'钟山县','10511.3','area',10511,2),(18981,'昭平县','10511.2','area',10511,2),(18980,'八步区','10511.1','area',10511,2),(18979,'贺州市','10511','area',10511,1),(18978,'隆林各族自治县','10510.12','area',10510,2),(18977,'西林县','10510.11','area',10510,2),(18976,'田林县','10510.10','area',10510,2),(18975,'乐业县','10510.9','area',10511,2),(18974,'凌云县','10510.8','area',10511,2),(18973,'那坡县','10510.7','area',10511,2),(18972,'靖西县','10510.6','area',10511,2),(18971,'德保县','10510.5','area',10511,2),(18970,'平果县','10510.4','area',10510,2),(18969,'田东县','10510.3','area',10510,2),(18968,'田阳县','10510.2','area',10510,2),(18967,'右江区','10510.1','area',10510,2),(18966,'百色市','10510','area',10510,1),(18965,'北流市','10509.6','area',10510,2),(18964,'兴业县','10509.5','area',10510,2),(18963,'博白县','10509.4','area',10509,2),(18962,'陆川县','10509.3','area',10509,2),(18961,'容　县','10509.2','area',10509,2),(18960,'玉州区','10509.1','area',10509,2),(18959,'玉林市','10509','area',10509,1),(18958,'桂平市','10508.5','area',10509,2),(18957,'平南县','10508.4','area',10508,2),(18956,'覃塘区','10508.3','area',10508,2),(18955,'港南区','10508.2','area',10508,2),(18954,'港北区','10508.1','area',10508,2),(18953,'贵港市','10508','area',10508,1),(18952,'浦北县','10507.4','area',10507,2),(18951,'灵山县','10507.3','area',10507,2),(18950,'钦北区','10507.2','area',10507,2),(18949,'钦南区','10507.1','area',10507,2),(18948,'钦州市','10507','area',10507,1),(18947,'东兴市','10506.4','area',10506,2),(18946,'上思县','10506.3','area',10506,2),(18945,'防城区','10506.2','area',10506,2),(18944,'港口区','10506.1','area',10506,2),(18943,'防城港市','10506','area',10506,1),(18942,'合浦县','10505.4','area',10505,2),(18941,'铁山港区','10505.3','area',10505,2),(18940,'银海区','10505.2','area',10505,2),(18939,'海城区','10505.1','area',10505,2),(18938,'北海市','10505','area',10505,1),(18937,'岑溪市','10504.7','area',10505,2),(18936,'蒙山县','10504.6','area',10505,2),(18935,'藤　县','10504.5','area',10505,2),(18934,'苍梧县','10504.4','area',10504,2),(18933,'长洲区','10504.3','area',10504,2),(18932,'蝶山区','10504.2','area',10504,2),(18931,'万秀区','10504.1','area',10504,2),(18930,'梧州市','10504','area',10504,1),(18929,'恭城瑶族自治县','10503.17','area',10503,2),(18928,'荔蒲县','10503.16','area',10503,2),(18927,'平乐县','10503.15','area',10503,2),(18926,'资源县','10503.14','area',10503,2),(18925,'龙胜各族自治县','10503.13','area',10503,2),(18924,'灌阳县','10503.12','area',10503,2),(18923,'永福县','10503.11','area',10503,2),(18922,'兴安县','10503.10','area',10503,2),(18921,'全州县','10503.9','area',10504,2),(18920,'灵川县','10503.8','area',10504,2),(18919,'临桂县','10503.7','area',10504,2),(18918,'阳朔县','10503.6','area',10504,2),(18917,'雁山区','10503.5','area',10504,2),(18916,'七星区','10503.4','area',10503,2),(18915,'象山区','10503.3','area',10503,2),(18914,'叠彩区','10503.2','area',10503,2),(18913,'秀峰区','10503.1','area',10503,2),(18912,'桂林市','10503','area',10503,1),(18911,'三江侗族自治县','10502.10','area',10502,2),(18910,'融水苗族自治县','10502.9','area',10503,2),(18909,'融安县','10502.8','area',10503,2),(18908,'鹿寨县','10502.7','area',10503,2),(18907,'柳城县','10502.6','area',10503,2),(18906,'柳江县','10502.5','area',10503,2),(18905,'柳北区','10502.4','area',10502,2),(18904,'柳南区','10502.3','area',10502,2),(18903,'鱼峰区','10502.2','area',10502,2),(18902,'城中区','10502.1','area',10502,2),(18901,'柳州市','10502','area',10502,1),(18900,'横　县','10501.12','area',10501,2),(18899,'宾阳县','10501.11','area',10501,2),(18898,'上林县','10501.10','area',10501,2),(18897,'马山县','10501.9','area',10502,2),(18896,'隆安县','10501.8','area',10502,2),(18895,'武鸣县','10501.7','area',10502,2),(18894,'邕宁区','10501.6','area',10502,2),(18893,'良庆区','10501.5','area',10502,2),(18892,'西乡塘区','10501.4','area',10501,2),(18891,'江南区','10501.3','area',10501,2),(18890,'青秀区','10501.2','area',10501,2),(18889,'兴宁区','10501.1','area',10501,2),(18888,'南宁市','10501','area',10501,1),(18887,'广西壮族自治区','10500','area',10500,0),(18886,'罗定市','10021.5','area',10022,2),(18885,'云安县','10021.4','area',10021,2),(18884,'郁南县','10021.3','area',10021,2),(18883,'新兴县','10021.2','area',10021,2),(18882,'云城区','10021.1','area',10021,2),(18881,'云浮市','10021','area',10021,1),(18880,'普宁市','10020.5','area',10021,2),(18879,'惠来县','10020.4','area',10020,2),(18878,'揭西县','10020.3','area',10020,2),(18877,'揭东县','10020.2','area',10020,2),(18876,'榕城区','10020.1','area',10020,2),(18875,'揭阳市','10020','area',10020,1),(18874,'饶平县','10019.2','area',10019,2),(18873,'潮安县','10019.1','area',10019,2),(18872,'潮州市','10019','area',10019,1),(18871,'中山市','10018','area',10018,1),(18870,'东莞市','10017','area',10017,1),(18869,'连州市','10016.8','area',10017,2),(18868,'英德市','10016.7','area',10017,2),(18867,'清新县','10016.6','area',10017,2),(18866,'连南瑶族自治县','10016.5','area',10017,2),(18865,'连山壮族瑶族自治县','10016.4','area',10016,2),(18864,'阳山县','10016.3','area',10016,2),(18863,'佛冈县','10016.2','area',10016,2),(18862,'清城区','10016.1','area',10016,2),(18861,'清远市','10016','area',10016,1),(18860,'阳春市','10015.4','area',10015,2),(18859,'阳东县','10015.3','area',10015,2),(18858,'阳西县','10015.2','area',10015,2),(18857,'江城区','10015.1','area',10015,2),(18856,'阳江市','10015','area',10015,1),(18855,'东源县','10014.6','area',10015,2),(18854,'和平县','10014.5','area',10015,2),(18853,'连平县','10014.4','area',10014,2),(18852,'龙川县','10014.3','area',10014,2),(18851,'紫金县','10014.2','area',10014,2),(18850,'源城区','10014.1','area',10014,2),(18849,'河源市','10014','area',10014,1),(18848,'陆丰市','10013.4','area',10013,2),(18847,'陆河县','10013.3','area',10013,2),(18846,'海丰县','10013.2','area',10013,2),(18845,'城　区','10013.1','area',10013,2),(18844,'汕尾市','10013','area',10013,1),(18843,'兴宁市','10012.8','area',10013,2),(18842,'蕉岭县','10012.7','area',10013,2),(18841,'平远县','10012.6','area',10013,2),(18840,'五华县','10012.5','area',10013,2),(18839,'丰顺县','10012.4','area',10012,2),(18838,'大埔县','10012.3','area',10012,2),(18837,'梅　县','10012.2','area',10012,2),(18836,'梅江区','10012.1','area',10012,2),(18835,'梅州市','10012','area',10012,1),(18834,'龙门县','10011.5','area',10012,2),(18833,'惠东县','10011.4','area',10011,2),(18832,'博罗县','10011.3','area',10011,2),(18831,'惠阳区','10011.2','area',10011,2),(18830,'惠城区','10011.1','area',10011,2),(18829,'惠州市','10011','area',10011,1),(18828,'四会市','10010.8','area',10011,2),(18827,'高要市','10010.7','area',10011,2),(18826,'德庆县','10010.6','area',10011,2),(18825,'封开县','10010.5','area',10011,2),(18824,'怀集县','10010.4','area',10010,2),(18823,'广宁县','10010.3','area',10010,2),(18822,'鼎湖区','10010.2','area',10010,2),(18821,'端州区','10010.1','area',10010,2),(18820,'肇庆市','10010','area',10010,1),(18819,'信宜市','10009.6','area',10010,2),(18818,'化州市','10009.5','area',10010,2),(18817,'高州市','10009.4','area',10009,2),(18816,'电白县','10009.3','area',10009,2),(18815,'茂港区','10009.2','area',10009,2),(18814,'茂南区','10009.1','area',10009,2),(18813,'茂名市','10009','area',10009,1),(18812,'吴川市','10008.9','area',10009,2),(18811,'雷州市','10008.8','area',10009,2),(18810,'廉江市','10008.7','area',10009,2),(18809,'徐闻县','10008.6','area',10009,2),(18808,'遂溪县','10008.5','area',10009,2),(18807,'麻章区','10008.4','area',10008,2),(18806,'坡头区','10008.3','area',10008,2),(18805,'霞山区','10008.2','area',10008,2),(18804,'赤坎区','10008.1','area',10008,2),(18803,'湛江市','10008','area',10008,1),(18802,'恩平市','10007.7','area',10008,2),(18801,'鹤山市','10007.6','area',10008,2),(18800,'开平市','10007.5','area',10008,2),(18799,'台山市','10007.4','area',10007,2),(18798,'新会区','10007.3','area',10007,2),(18797,'江海区','10007.2','area',10007,2),(18796,'蓬江区','10007.1','area',10007,2),(18795,'江门市','10007','area',10007,1),(18794,'高明区','10006.5','area',10007,2),(18793,'三水区','10006.4','area',10006,2),(18792,'顺德区','10006.3','area',10006,2),(18791,'南海区','10006.2','area',10006,2),(18790,'禅城区','10006.1','area',10006,2),(18789,'佛山市','10006','area',10006,1),(18788,'南澳县','10005.7','area',10006,2),(18787,'澄海区','10005.6','area',10006,2),(18786,'潮南区','10005.5','area',10006,2),(18785,'潮阳区','10005.4','area',10005,2),(18784,'濠江区','10005.3','area',10005,2),(18783,'金平区','10005.2','area',10005,2),(18782,'龙湖区','10005.1','area',10005,2),(18781,'汕头市','10005','area',10005,1),(18780,'金湾区','10004.3','area',10004,2),(18779,'斗门区','10004.2','area',10004,2),(18778,'洲区','10004.1','area',10004,2),(18777,'珠海市','10004','area',10004,1),(18776,'盐田区','10003.6','area',10004,2),(18775,'龙岗区','10003.5','area',10004,2),(18774,'宝安区','10003.4','area',10003,2),(18773,'南山区','10003.3','area',10003,2),(18772,'福田区','10003.2','area',10003,2),(18771,'罗湖区','10003.1','area',10003,2),(18770,'深圳市','10003','area',10003,1),(18769,'南雄市','10002.10','area',10002,2),(18768,'乐昌市','10002.9','area',10003,2),(18767,'新丰县','10002.8','area',10003,2),(18766,'乳源瑶族自治县','10002.7','area',10003,2),(18765,'翁源县','10002.6','area',10003,2),(18764,'仁化县','10002.5','area',10003,2),(18763,'始兴县','10002.4','area',10002,2),(18762,'曲江区','10002.3','area',10002,2),(18761,'浈江区','10002.2','area',10002,2),(18760,'武江区','10002.1','area',10002,2),(18759,'韶关市','10002','area',10002,1),(18758,'从化市','10001.12','area',10001,2),(18757,'增城市','10001.11','area',10001,2),(18756,'花都区','10001.10','area',10001,2),(18755,'番禺区','10001.9','area',10002,2),(18754,'黄埔区','10001.8','area',10002,2),(18753,'白云区','10001.7','area',10002,2),(18752,'芳村区','10001.6','area',10002,2),(18751,'天河区','10001.5','area',10002,2),(18750,'海珠区','10001.4','area',10001,2),(18749,'越秀区','10001.3','area',10001,2),(18748,'荔湾区','10001.2','area',10001,2),(18747,'东山区','10001.1','area',10001,2),(18746,'广州市','10001','area',10001,1),(18745,'广东省','10000','area',10000,0),(18744,'龙山县','9514.8','area',9515,2),(18743,'永顺县','9514.7','area',9515,2),(18742,'古丈县','9514.6','area',9515,2),(18741,'保靖县','9514.5','area',9515,2),(18740,'花垣县','9514.4','area',9514,2),(18739,'凤凰县','9514.3','area',9514,2),(18738,'泸溪县','9514.2','area',9514,2),(18737,'吉首市','9514.1','area',9514,2),(18736,'湘西土家族苗族自治州','9514','area',9514,1),(18735,'涟源市','9513.5','area',9514,2),(18734,'冷水江市','9513.4','area',9513,2),(18733,'新化县','9513.3','area',9513,2),(18732,'双峰县','9513.2','area',9513,2),(18731,'娄星区','9513.1','area',9513,2),(18730,'娄底市','9513','area',9513,1),(18729,'洪江市','9512.12','area',9512,2),(18728,'通道侗族自治县','9512.11','area',9512,2),(18727,'靖州苗族侗族自治县','9512.10','area',9512,2),(18726,'芷江侗族自治县','9512.9','area',9513,2),(18725,'新晃侗族自治县','9512.8','area',9513,2),(18724,'麻阳苗族自治县','9512.7','area',9513,2),(18723,'会同县','9512.6','area',9513,2),(18722,'溆浦县','9512.5','area',9513,2),(18721,'辰溪县','9512.4','area',9512,2),(18720,'沅陵县','9512.3','area',9512,2),(18719,'中方县','9512.2','area',9512,2),(18718,'鹤城区','9512.1','area',9512,2),(18717,'怀化市','9512','area',9512,1),(18716,'江华瑶族自治县','9511.11','area',9511,2),(18715,'新田县','9511.10','area',9511,2),(18714,'蓝山县','9511.9','area',9512,2),(18713,'宁远县','9511.8','area',9512,2),(18712,'江永县','9511.7','area',9512,2),(18711,'道　县','9511.6','area',9512,2),(18710,'双牌县','9511.5','area',9512,2),(18709,'东安县','9511.4','area',9511,2),(18708,'祁阳县','9511.3','area',9511,2),(18707,'冷水滩区','9511.2','area',9511,2),(18706,'芝山区','9511.1','area',9511,2),(18705,'永州市','9511','area',9511,1),(18704,'资兴市','9510.11','area',9510,2),(18703,'安仁县','9510.10','area',9510,2),(18702,'桂东县','9510.9','area',9511,2),(18701,'汝城县','9510.8','area',9511,2),(18700,'临武县','9510.7','area',9511,2),(18699,'嘉禾县','9510.6','area',9511,2),(18698,'永兴县','9510.5','area',9511,2),(18697,'宜章县','9510.4','area',9510,2),(18696,'桂阳县','9510.3','area',9510,2),(18695,'苏仙区','9510.2','area',9510,2),(18694,'北湖区','9510.1','area',9510,2),(18693,'郴州市','9510','area',9510,1),(18692,'沅江市','9509.6','area',9510,2),(18691,'安化县','9509.5','area',9510,2),(18690,'桃江县','9509.4','area',9509,2),(18689,'南　县','9509.3','area',9509,2),(18688,'赫山区','9509.2','area',9509,2),(18687,'资阳区','9509.1','area',9509,2),(18686,'益阳市','9509','area',9509,1),(18685,'桑植县','9508.4','area',9508,2),(18684,'慈利县','9508.3','area',9508,2),(18683,'武陵源区','9508.2','area',9508,2),(18682,'永定区','9508.1','area',9508,2),(18681,'张家界市','9508','area',9508,1),(18680,'津市市','9507.9','area',9508,2),(18679,'石门县','9507.8','area',9508,2),(18678,'桃源县','9507.7','area',9508,2),(18677,'临澧县','9507.6','area',9508,2),(18676,'澧　县','9507.5','area',9508,2),(18675,'汉寿县','9507.4','area',9507,2),(18674,'安乡县','9507.3','area',9507,2),(18673,'鼎城区','9507.2','area',9507,2),(18672,'武陵区','9507.1','area',9507,2),(18671,'常德市','9507','area',9507,1),(18670,'临湘市','9506.9','area',9507,2),(18669,'汨罗市','9506.8','area',9507,2),(18668,'平江县','9506.7','area',9507,2),(18667,'湘阴县','9506.6','area',9507,2),(18666,'华容县','9506.5','area',9507,2),(18665,'岳阳县','9506.4','area',9506,2),(18664,'君山区','9506.3','area',9506,2),(18663,'云溪区','9506.2','area',9506,2),(18662,'岳阳楼区','9506.1','area',9506,2),(18661,'岳阳市','9506','area',9506,1),(18660,'武冈市','9505.12','area',9505,2),(18659,'城步苗族自治县','9505.11','area',9505,2),(18658,'新宁县','9505.10','area',9505,2),(18657,'绥宁县','9505.9','area',9506,2),(18656,'洞口县','9505.8','area',9506,2),(18655,'隆回县','9505.7','area',9506,2),(18654,'邵阳县','9505.6','area',9506,2),(18653,'新邵县','9505.5','area',9506,2),(18652,'邵东县','9505.4','area',9505,2),(18651,'北塔区','9505.3','area',9505,2),(18650,'大祥区','9505.2','area',9505,2),(18649,'双清区','9505.1','area',9505,2),(18648,'邵阳市','9505','area',9505,1),(18647,'常宁市','9504.12','area',9504,2),(18646,'耒阳市','9504.11','area',9504,2),(18645,'祁东县','9504.10','area',9504,2),(18644,'衡东县','9504.9','area',9505,2),(18643,'衡山县','9504.8','area',9505,2),(18642,'衡南县','9504.7','area',9505,2),(18641,'衡阳县','9504.6','area',9505,2),(18640,'南岳区','9504.5','area',9505,2),(18639,'蒸湘区','9504.4','area',9504,2),(18638,'石鼓区','9504.3','area',9504,2),(18637,'雁峰区','9504.2','area',9504,2),(18636,'珠晖区','9504.1','area',9504,2),(18635,'衡阳市','9504','area',9504,1),(18634,'韶山市','9503.5','area',9504,2),(18633,'湘乡市','9503.4','area',9503,2),(18632,'湘潭县','9503.3','area',9503,2),(18631,'岳塘区','9503.2','area',9503,2),(18630,'雨湖区','9503.1','area',9503,2),(18629,'湘潭市','9503','area',9503,1),(18628,'醴陵市','9502.9','area',9503,2),(18627,'炎陵县','9502.8','area',9503,2),(18626,'茶陵县','9502.7','area',9503,2),(18625,'攸　县','9502.6','area',9503,2),(18624,'株洲县','9502.5','area',9503,2),(18623,'天元区','9502.4','area',9502,2),(18622,'石峰区','9502.3','area',9502,2),(18621,'芦淞区','9502.2','area',9502,2),(18620,'荷塘区','9502.1','area',9502,2),(18619,'株洲市','9502','area',9502,1),(18618,'浏阳市','9501.9','area',9502,2),(18617,'宁乡县','9501.8','area',9502,2),(18616,'望城县','9501.7','area',9502,2),(18615,'长沙县','9501.6','area',9502,2),(18614,'雨花区','9501.5','area',9502,2),(18613,'开福区','9501.4','area',9501,2),(18612,'岳麓区','9501.3','area',9501,2),(18611,'天心区','9501.2','area',9501,2),(18610,'芙蓉区','9501.1','area',9501,2),(18609,'长沙市','9501','area',9501,1),(18608,'湖南省','9500','area',9500,0),(18607,'神农架林区','9014.4','area',9014,2),(18606,'天门市','9014.3','area',9014,2),(18605,'潜江市','9014.2','area',9014,2),(18604,'仙桃市','9014.1','area',9014,2),(18603,'省直辖行政单位','9014','area',9014,1),(18602,'鹤峰县','9013.8','area',9014,2),(18601,'来凤县','9013.7','area',9014,2),(18600,'咸丰县','9013.6','area',9014,2),(18599,'宣恩县','9013.5','area',9014,2),(18598,'巴东县','9013.4','area',9013,2),(18597,'建始县','9013.3','area',9013,2),(18596,'利川市','9013.2','area',9013,2),(18595,'恩施市','9013.1','area',9013,2),(18594,'恩施土家族苗族自治州','9013','area',9013,1),(18593,'广水市','9012.2','area',9012,2),(18592,'曾都区','9012.1','area',9012,2),(18591,'随州市','9012','area',9012,1),(18590,'赤壁市','9011.6','area',9012,2),(18589,'通山县','9011.5','area',9012,2),(18588,'崇阳县','9011.4','area',9011,2),(18587,'通城县','9011.3','area',9011,2),(18586,'嘉鱼县','9011.2','area',9011,2),(18585,'咸安区','9011.1','area',9011,2),(18584,'咸宁市','9011','area',9011,1),(18583,'武穴市','9010.10','area',9010,2),(18582,'麻城市','9010.9','area',9011,2),(18581,'黄梅县','9010.8','area',9011,2),(18580,'蕲春县','9010.7','area',9011,2),(18579,'浠水县','9010.6','area',9011,2),(18578,'英山县','9010.5','area',9011,2),(18577,'罗田县','9010.4','area',9010,2),(18576,'红安县','9010.3','area',9010,2),(18575,'团风县','9010.2','area',9010,2),(18574,'州区','9010.1','area',9010,2),(18573,'黄冈市','9010','area',9010,1),(18572,'松滋市','9009.8','area',9010,2),(18571,'洪湖市','9009.7','area',9010,2),(18570,'石首市','9009.6','area',9010,2),(18569,'江陵县','9009.5','area',9010,2),(18568,'监利县','9009.4','area',9009,2),(18567,'公安县','9009.3','area',9009,2),(18566,'荆州区','9009.2','area',9009,2),(18565,'沙市区','9009.1','area',9009,2),(18564,'荆州市','9009','area',9009,1),(18563,'汉川市','9008.7','area',9009,2),(18562,'孝南区','9008.6','area',9009,2),(18561,'孝昌县','9008.5','area',9009,2),(18560,'大悟县','9008.4','area',9008,2),(18559,'云梦县','9008.3','area',9008,2),(18558,'应城市','9008.2','area',9008,2),(18557,'安陆市','9008.1','area',9008,2),(18556,'孝感市','9008','area',9008,1),(18555,'东宝区','9007.5','area',9008,2),(18554,'掇刀区','9007.4','area',9007,2),(18553,'京山县','9007.3','area',9007,2),(18552,'沙洋县','9007.2','area',9007,2),(18551,'钟祥市','9007.1','area',9007,2),(18550,'荆门市','9007','area',9007,1),(18549,'鄂城区','9006.3','area',9006,2),(18548,'华容区','9006.2','area',9006,2),(18547,'梁子湖区','9006.1','area',9006,2),(18546,'鄂州市','9006','area',9006,1),(18545,'宜城市','9005.9','area',9006,2),(18544,'枣阳市','9005.8','area',9006,2),(18543,'老河口市','9005.7','area',9006,2),(18542,'保康县','9005.6','area',9006,2),(18541,'谷城县','9005.5','area',9006,2),(18540,'南漳县','9005.4','area',9005,2),(18539,'襄阳区','9005.3','area',9005,2),(18538,'樊城区','9005.2','area',9005,2),(18537,'襄城区','9005.1','area',9005,2),(18536,'襄樊市','9005','area',9005,1),(18535,'枝江市','9004.13','area',9004,2),(18534,'当阳市','9004.12','area',9004,2),(18533,'宜都市','9004.11','area',9004,2),(18532,'五峰土家族自治县','9004.10','area',9004,2),(18531,'长阳土家族自治县','9004.9','area',9005,2),(18530,'秭归县','9004.8','area',9005,2),(18529,'兴山县','9004.7','area',9005,2),(18528,'远安县','9004.6','area',9005,2),(18527,'夷陵区','9004.5','area',9005,2),(18526,'猇亭区','9004.4','area',9004,2),(18525,'点军区','9004.3','area',9004,2),(18524,'伍家岗区','9004.2','area',9004,2),(18523,'西陵区','9004.1','area',9004,2),(18522,'宜昌市','9004','area',9004,1),(18521,'丹江口市','9003.8','area',9004,2),(18520,'房　县','9003.7','area',9004,2),(18519,'竹溪县','9003.6','area',9004,2),(18518,'竹山县','9003.5','area',9004,2),(18517,'郧西县','9003.4','area',9003,2),(18516,'郧　县','9003.3','area',9003,2),(18515,'张湾区','9003.2','area',9003,2),(18514,'茅箭区','9003.1','area',9003,2),(18513,'十堰市','9003','area',9003,1),(18512,'大冶市','9002.6','area',9003,2),(18511,'阳新县','9002.5','area',9003,2),(18510,'铁山区','9002.4','area',9002,2),(18509,'下陆区','9002.3','area',9002,2),(18508,'西塞山区','9002.2','area',9002,2),(18507,'黄石港区','9002.1','area',9002,2),(18506,'黄石市','9002','area',9002,1),(18505,'新洲区','9001.13','area',9001,2),(18504,'黄陂区','9001.12','area',9001,2),(18503,'江夏区','9001.11','area',9001,2),(18502,'蔡甸区','9001.10','area',9001,2),(18501,'汉南区','9001.9','area',9002,2),(18500,'东西湖区','9001.8','area',9002,2),(18499,'洪山区','9001.7','area',9002,2),(18498,'青山区','9001.6','area',9002,2),(18497,'武昌区','9001.5','area',9002,2),(18496,'汉阳区','9001.4','area',9001,2),(18495,'乔口区','9001.3','area',9001,2),(18494,'江汉区','9001.2','area',9001,2),(18493,'江岸区','9001.1','area',9001,2),(18492,'武汉市','9001','area',9001,1),(18491,'湖北省','9000','area',9000,0),(18490,'新蔡县','8517.10','area',8517,2),(18489,'遂平县','8517.9','area',8518,2),(18488,'汝南县','8517.8','area',8518,2),(18487,'泌阳县','8517.7','area',8518,2),(18486,'确山县','8517.6','area',8518,2),(18485,'正阳县','8517.5','area',8518,2),(18484,'平舆县','8517.4','area',8517,2),(18483,'上蔡县','8517.3','area',8517,2),(18482,'西平县','8517.2','area',8517,2),(18481,'驿城区','8517.1','area',8517,2),(18480,'驻马店市','8517','area',8517,1),(18479,'项城市','8516.10','area',8516,2),(18478,'鹿邑县','8516.9','area',8517,2),(18477,'太康县','8516.8','area',8517,2),(18476,'淮阳县','8516.7','area',8517,2),(18475,'郸城县','8516.6','area',8517,2),(18474,'沈丘县','8516.5','area',8517,2),(18473,'商水县','8516.4','area',8516,2),(18472,'西华县','8516.3','area',8516,2),(18471,'扶沟县','8516.2','area',8516,2),(18470,'川汇区','8516.1','area',8516,2),(18469,'周口市','8516','area',8516,1),(18468,'息　县','8515.10','area',8515,2),(18467,'淮滨县','8515.9','area',8516,2),(18466,'潢川县','8515.8','area',8516,2),(18465,'固始县','8515.7','area',8516,2),(18464,'商城县','8515.6','area',8516,2),(18463,'新　县','8515.5','area',8516,2),(18462,'光山县','8515.4','area',8515,2),(18461,'罗山县','8515.3','area',8515,2),(18460,'平桥区','8515.2','area',8515,2),(18459,'师河区','8515.1','area',8515,2),(18458,'信阳市','8515','area',8515,1),(18457,'永城市','8514.9','area',8515,2),(18456,'夏邑县','8514.8','area',8515,2),(18455,'虞城县','8514.7','area',8515,2),(18454,'柘城县','8514.6','area',8515,2),(18453,'宁陵县','8514.5','area',8515,2),(18452,'睢　县','8514.4','area',8514,2),(18451,'民权县','8514.3','area',8514,2),(18450,'睢阳区','8514.2','area',8514,2),(18449,'梁园区','8514.1','area',8514,2),(18448,'商丘市','8514','area',8514,1),(18447,'邓州市','8513.13','area',8513,2),(18446,'桐柏县','8513.12','area',8513,2),(18445,'新野县','8513.11','area',8513,2),(18444,'唐河县','8513.10','area',8513,2),(18443,'社旗县','8513.9','area',8514,2),(18442,'淅川县','8513.8','area',8514,2),(18441,'内乡县','8513.7','area',8514,2),(18440,'镇平县','8513.6','area',8514,2),(18439,'西峡县','8513.5','area',8514,2),(18438,'方城县','8513.4','area',8513,2),(18437,'南召县','8513.3','area',8513,2),(18436,'卧龙区','8513.2','area',8513,2),(18435,'宛城区','8513.1','area',8513,2),(18434,'南阳市','8513','area',8513,1),(18433,'灵宝市','8512.6','area',8513,2),(18432,'义马市','8512.5','area',8513,2),(18431,'卢氏县','8512.4','area',8512,2),(18430,'陕　县','8512.3','area',8512,2),(18429,'渑池县','8512.2','area',8512,2),(18428,'湖滨区','8512.1','area',8512,2),(18427,'三门峡市','8512','area',8512,1),(18426,'临颍县','8511.5','area',8512,2),(18425,'舞阳县','8511.4','area',8511,2),(18424,'召陵区','8511.3','area',8511,2),(18423,'郾城区','8511.2','area',8511,2),(18422,'源汇区','8511.1','area',8511,2),(18421,'漯河市','8511','area',8511,1),(18420,'长葛市','8510.6','area',8511,2),(18419,'禹州市','8510.5','area',8511,2),(18418,'襄城县','8510.4','area',8510,2),(18417,'鄢陵县','8510.3','area',8510,2),(18416,'许昌县','8510.2','area',8510,2),(18415,'魏都区','8510.1','area',8510,2),(18414,'许昌市','8510','area',8510,1),(18413,'濮阳县','8509.6','area',8510,2),(18412,'台前县','8509.5','area',8510,2),(18411,'范　县','8509.4','area',8509,2),(18410,'南乐县','8509.3','area',8509,2),(18409,'清丰县','8509.2','area',8509,2),(18408,'华龙区','8509.1','area',8509,2),(18407,'濮阳市','8509','area',8509,1),(18406,'孟州市','8508.11','area',8508,2),(18405,'沁阳市','8508.10','area',8508,2),(18404,'济源市','8508.9','area',8509,2),(18403,'温　县','8508.8','area',8509,2),(18402,'武陟县','8508.7','area',8509,2),(18401,'博爱县','8508.6','area',8509,2),(18400,'修武县','8508.5','area',8509,2),(18399,'山阳区','8508.4','area',8508,2),(18398,'马村区','8508.3','area',8508,2),(18397,'中站区','8508.2','area',8508,2),(18396,'解放区','8508.1','area',8508,2),(18395,'焦作市','8508','area',8508,1),(18394,'辉县市','8507.12','area',8507,2),(18393,'卫辉市','8507.11','area',8507,2),(18392,'长垣县','8507.10','area',8507,2),(18391,'封丘县','8507.9','area',8508,2),(18390,'延津县','8507.8','area',8508,2),(18389,'原阳县','8507.7','area',8508,2),(18388,'获嘉县','8507.6','area',8508,2),(18387,'新乡县','8507.5','area',8508,2),(18386,'牧野区','8507.4','area',8507,2),(18385,'凤泉区','8507.3','area',8507,2),(18384,'卫滨区','8507.2','area',8507,2),(18383,'红旗区','8507.1','area',8507,2),(18382,'新乡市','8507','area',8507,1),(18381,'淇　县','8506.5','area',8507,2),(18380,'浚　县','8506.4','area',8506,2),(18379,'淇滨区','8506.3','area',8506,2),(18378,'山城区','8506.2','area',8506,2),(18377,'鹤山区','8506.1','area',8506,2),(18376,'鹤壁市','8506','area',8506,1),(18375,'林州市','8505.9','area',8506,2),(18374,'内黄县','8505.8','area',8506,2),(18373,'滑　县','8505.7','area',8506,2),(18372,'汤阴县','8505.6','area',8506,2),(18371,'安阳县','8505.5','area',8506,2),(18370,'龙安区','8505.4','area',8505,2),(18369,'殷都区','8505.3','area',8505,2),(18368,'北关区','8505.2','area',8505,2),(18367,'文峰区','8505.1','area',8505,2),(18366,'安阳市','8505','area',8505,1),(18365,'汝州市','8504.10','area',8504,2),(18364,'舞钢市','8504.9','area',8505,2),(18363,'郏　县','8504.8','area',8505,2),(18362,'鲁山县','8504.7','area',8505,2),(18361,'叶　县','8504.6','area',8505,2),(18360,'宝丰县','8504.5','area',8505,2),(18359,'湛河区','8504.4','area',8504,2),(18358,'石龙区','8504.3','area',8504,2),(18357,'卫东区','8504.2','area',8504,2),(18356,'新华区','8504.1','area',8504,2),(18355,'平顶山市','8504','area',8504,1),(18354,'偃师市','8503.15','area',8503,2),(18353,'伊川县','8503.14','area',8503,2),(18352,'洛宁县','8503.13','area',8503,2),(18351,'宜阳县','8503.12','area',8503,2),(18350,'汝阳县','8503.11','area',8503,2),(18349,'嵩　县','8503.10','area',8503,2),(18348,'栾川县','8503.9','area',8504,2),(18347,'新安县','8503.8','area',8504,2),(18346,'孟津县','8503.7','area',8504,2),(18345,'洛龙区','8503.6','area',8504,2),(18344,'吉利区','8503.5','area',8504,2),(18343,'涧西区','8503.4','area',8503,2),(18342,'廛河回族区','8503.3','area',8503,2),(18341,'西工区','8503.2','area',8503,2),(18340,'老城区','8503.1','area',8503,2),(18339,'洛阳市','8503','area',8503,1),(18338,'兰考县','8502.10','area',8502,2),(18337,'开封县','8502.9','area',8503,2),(18336,'尉氏县','8502.8','area',8503,2),(18335,'通许县','8502.7','area',8503,2),(18334,'杞　县','8502.6','area',8503,2),(18333,'郊　区','8502.5','area',8503,2),(18332,'南关区','8502.4','area',8502,2),(18331,'鼓楼区','8502.3','area',8502,2),(18330,'顺河回族区','8502.2','area',8502,2),(18329,'龙亭区','8502.1','area',8502,2),(18328,'开封市','8502','area',8502,1),(18327,'登封市','8501.12','area',8501,2),(18326,'新郑市','8501.11','area',8501,2),(18325,'新密市','8501.10','area',8501,2),(18324,'荥阳市','8501.9','area',8502,2),(18323,'巩义市','8501.8','area',8502,2),(18322,'中牟县','8501.7','area',8502,2),(18321,'邙山区','8501.6','area',8502,2),(18320,'上街区','8501.5','area',8502,2),(18319,'金水区','8501.4','area',8501,2),(18318,'管城回族区','8501.3','area',8501,2),(18317,'二七区','8501.2','area',8501,2),(18316,'中原区','8501.1','area',8501,2),(18315,'郑州市','8501','area',8501,1),(18314,'河南省','8500','area',8500,0),(18313,'东明县','8016.9','area',8017,2),(18312,'定陶县','8016.8','area',8017,2),(18311,'鄄城县','8016.7','area',8017,2),(18310,'郓城县','8016.6','area',8017,2),(18309,'巨野县','8016.5','area',8017,2),(18308,'成武县','8016.4','area',8016,2),(18307,'单　县','8016.3','area',8016,2),(18306,'曹　县','8016.2','area',8016,2),(18305,'牡丹区','8016.1','area',8016,2),(18304,'荷泽市','8016','area',8016,1),(18303,'邹平县','8015.7','area',8016,2),(18302,'博兴县','8015.6','area',8016,2),(18301,'沾化县','8015.5','area',8016,2),(18300,'无棣县','8015.4','area',8015,2),(18299,'阳信县','8015.3','area',8015,2),(18298,'惠民县','8015.2','area',8015,2),(18297,'滨城区','8015.1','area',8015,2),(18296,'滨州市','8015','area',8015,1),(18295,'临清市','8014.8','area',8015,2),(18294,'高唐县','8014.7','area',8015,2),(18293,'冠　县','8014.6','area',8015,2),(18292,'东阿县','8014.5','area',8015,2),(18291,'茌平县','8014.4','area',8014,2),(18290,'莘　县','8014.3','area',8014,2),(18289,'阳谷县','8014.2','area',8014,2),(18288,'东昌府区','8014.1','area',8014,2),(18287,'聊城市','8014','area',8014,1),(18286,'禹城市','8013.11','area',8013,2),(18285,'乐陵市','8013.10','area',8013,2),(18284,'武城县','8013.9','area',8014,2),(18283,'夏津县','8013.8','area',8014,2),(18282,'平原县','8013.7','area',8014,2),(18281,'齐河县','8013.6','area',8014,2),(18280,'临邑县','8013.5','area',8014,2),(18279,'庆云县','8013.4','area',8013,2),(18278,'宁津县','8013.3','area',8013,2),(18277,'陵　县','8013.2','area',8013,2),(18276,'德城区','8013.1','area',8013,2),(18275,'德州市','8013','area',8013,1),(18274,'临沭县','8012.12','area',8012,2),(18273,'蒙阴县','8012.11','area',8012,2),(18272,'莒南县','8012.10','area',8012,2),(18271,'平邑县','8012.9','area',8013,2),(18270,'费　县','8012.8','area',8013,2),(18269,'苍山县','8012.7','area',8013,2),(18268,'沂水县','8012.6','area',8013,2),(18267,'郯城县','8012.5','area',8013,2),(18266,'沂南县','8012.4','area',8012,2),(18265,'河东区','8012.3','area',8012,2),(18264,'罗庄区','8012.2','area',8012,2),(18263,'兰山区','8012.1','area',8012,2),(18262,'临沂市','8012','area',8012,1),(18261,'钢城区','8011.2','area',8011,2),(18260,'莱城区','8011.1','area',8011,2),(18259,'莱芜市','8011','area',8011,1),(18258,'莒　县','8010.4','area',8010,2),(18257,'五莲县','8010.3','area',8010,2),(18256,'岚山区','8010.2','area',8010,2),(18255,'东港区','8010.1','area',8010,2),(18254,'日照市','8010','area',8010,1),(18253,'乳山市','8009.4','area',8009,2),(18252,'荣成市','8009.3','area',8009,2),(18251,'文登市','8009.2','area',8009,2),(18250,'环翠区','8009.1','area',8009,2),(18249,'威海市','8009','area',8009,1),(18248,'肥城市','8008.6','area',8009,2),(18247,'新泰市','8008.5','area',8009,2),(18246,'东平县','8008.4','area',8008,2),(18245,'宁阳县','8008.3','area',8008,2),(18244,'岱岳区','8008.2','area',8008,2),(18243,'泰山区','8008.1','area',8008,2),(18242,'泰安市','8008','area',8008,1),(18241,'邹城市','8007.12','area',8007,2),(18240,'兖州市','8007.11','area',8007,2),(18239,'曲阜市','8007.10','area',8007,2),(18238,'梁山县','8007.9','area',8008,2),(18237,'泗水县','8007.8','area',8008,2),(18236,'汶上县','8007.7','area',8008,2),(18235,'嘉祥县','8007.6','area',8008,2),(18234,'金乡县','8007.5','area',8008,2),(18233,'鱼台县','8007.4','area',8007,2),(18232,'微山县','8007.3','area',8007,2),(18231,'任城区','8007.2','area',8007,2),(18230,'市中区','8007.1','area',8007,2),(18229,'济宁市','8007','area',8007,1),(18228,'昌邑市','8006.12','area',8006,2),(18227,'高密市','8006.11','area',8006,2),(18226,'安丘市','8006.10','area',8006,2),(18225,'寿光市','8006.9','area',8007,2),(18224,'诸城市','8006.8','area',8007,2),(18223,'青州市','8006.7','area',8007,2),(18222,'昌乐县','8006.6','area',8007,2),(18221,'临朐县','8006.5','area',8007,2),(18220,'奎文区','8006.4','area',8006,2),(18219,'坊子区','8006.3','area',8006,2),(18218,'寒亭区','8006.2','area',8006,2),(18217,'潍城区','8006.1','area',8006,2),(18216,'潍坊市','8006','area',8006,1),(18215,'海阳市','8005.12','area',8005,2),(18214,'栖霞市','8005.11','area',8005,2),(18213,'招远市','8005.10','area',8005,2),(18212,'蓬莱市','8005.9','area',8006,2),(18211,'莱州市','8005.8','area',8006,2),(18210,'莱阳市','8005.7','area',8006,2),(18209,'龙口市','8005.6','area',8006,2),(18208,'长岛县','8005.5','area',8006,2),(18207,'莱山区','8005.4','area',8005,2),(18206,'牟平区','8005.3','area',8005,2),(18205,'福山区','8005.2','area',8005,2),(18204,'芝罘区','8005.1','area',8005,2),(18203,'烟台市','8005','area',8005,1),(18202,'滕州市','8004.6','area',8005,2),(18201,'山亭区','8004.5','area',8005,2),(18200,'台儿庄区','8004.4','area',8004,2),(18199,'峄城区','8004.3','area',8004,2),(18198,'薛城区','8004.2','area',8004,2),(18197,'市中区','8004.1','area',8004,2),(18196,'枣庄市','8004','area',8004,1),(18195,'沂源县','8003.8','area',8004,2),(18194,'高青县','8003.7','area',8004,2),(18193,'桓台县','8003.6','area',8004,2),(18192,'周村区','8003.5','area',8004,2),(18191,'临淄区','8003.4','area',8003,2),(18190,'博山区','8003.3','area',8003,2),(18189,'张店区','8003.2','area',8003,2),(18188,'淄川区','8003.1','area',8003,2),(18187,'淄博市','8003','area',8003,1),(18186,'莱西市','8002.12','area',8002,2),(18185,'胶南市','8002.11','area',8002,2),(18184,'平度市','8002.10','area',8002,2),(18183,'即墨市','8002.9','area',8003,2),(18182,'胶州市','8002.8','area',8003,2),(18181,'城阳区','8002.7','area',8003,2),(18180,'李沧区','8002.6','area',8003,2),(18179,'崂山区','8002.5','area',8003,2),(18178,'黄岛区','8002.4','area',8002,2),(18177,'四方区','8002.3','area',8002,2),(18176,'市北区','8002.2','area',8002,2),(18175,'市南区','8002.1','area',8002,2),(18174,'青岛市','8002','area',8002,1),(18173,'章丘市','8001.10','area',8001,2),(18172,'商河县','8001.9','area',8002,2),(18171,'济阳县','8001.8','area',8002,2),(18170,'平阴县','8001.7','area',8002,2),(18169,'长清区','8001.6','area',8002,2),(18168,'历城区','8001.5','area',8002,2),(18167,'天桥区','8001.4','area',8001,2),(18166,'槐荫区','8001.3','area',8001,2),(18165,'市中区','8001.2','area',8001,2),(18164,'历下区','8001.1','area',8001,2),(18163,'济南市','8001','area',8001,1),(18162,'山东省','8000','area',8000,0),(18161,'德兴市','7511.12','area',7511,2),(18160,'婺源县','7511.11','area',7511,2),(18159,'万年县','7511.10','area',7511,2),(18158,'鄱阳县','7511.9','area',7512,2),(18157,'余干县','7511.8','area',7512,2),(18156,'弋阳县','7511.7','area',7512,2),(18155,'横峰县','7511.6','area',7512,2),(18154,'铅山县','7511.5','area',7512,2),(18153,'玉山县','7511.4','area',7511,2),(18152,'广丰县','7511.3','area',7511,2),(18151,'上饶县','7511.2','area',7511,2),(18150,'信州区','7511.1','area',7511,2),(18149,'上饶市','7511','area',7511,1),(18148,'广昌县','7510.11','area',7510,2),(18147,'东乡县','7510.10','area',7510,2),(18146,'资溪县','7510.9','area',7511,2),(18145,'金溪县','7510.8','area',7511,2),(18144,'宜黄县','7510.7','area',7511,2),(18143,'乐安县','7510.6','area',7511,2),(18142,'崇仁县','7510.5','area',7511,2),(18141,'南丰县','7510.4','area',7510,2),(18140,'黎川县','7510.3','area',7510,2),(18139,'南城县','7510.2','area',7510,2),(18138,'临川区','7510.1','area',7510,2),(18137,'抚州市','7510','area',7510,1),(18136,'高安市','7509.10','area',7509,2),(18135,'樟树市','7509.9','area',7510,2),(18134,'丰城市','7509.8','area',7510,2),(18133,'铜鼓县','7509.7','area',7510,2),(18132,'靖安县','7509.6','area',7510,2),(18131,'宜丰县','7509.5','area',7510,2),(18130,'上高县','7509.4','area',7509,2),(18129,'万载县','7509.3','area',7509,2),(18128,'奉新县','7509.2','area',7509,2),(18127,'袁州区','7509.1','area',7509,2),(18126,'宜春市','7509','area',7509,1),(18125,'井冈山市','7508.13','area',7508,2),(18124,'永新县','7508.12','area',7508,2),(18123,'安福县','7508.11','area',7508,2),(18122,'万安县','7508.10','area',7508,2),(18121,'遂川县','7508.9','area',7509,2),(18120,'泰和县','7508.8','area',7509,2),(18119,'永丰县','7508.7','area',7509,2),(18118,'新干县','7508.6','area',7509,2),(18117,'峡江县','7508.5','area',7509,2),(18116,'吉水县','7508.4','area',7508,2),(18115,'吉安县','7508.3','area',7508,2),(18114,'青原区','7508.2','area',7508,2),(18113,'吉州区','7508.1','area',7508,2),(18112,'吉安市','7508','area',7508,1),(18111,'南康市','7507.18','area',7507,2),(18110,'瑞金市','7507.17','area',7507,2),(18109,'石城县','7507.16','area',7507,2),(18108,'寻乌县','7507.15','area',7507,2),(18107,'会昌县','7507.14','area',7507,2),(18106,'兴国县','7507.13','area',7507,2),(18105,'于都县','7507.12','area',7507,2),(18104,'宁都县','7507.11','area',7507,2),(18103,'全南县','7507.10','area',7507,2),(18102,'定南县','7507.9','area',7508,2),(18101,'龙南县','7507.8','area',7508,2),(18100,'安远县','7507.7','area',7508,2),(18099,'崇义县','7507.6','area',7508,2),(18098,'上犹县','7507.5','area',7508,2),(18097,'大余县','7507.4','area',7507,2),(18096,'信丰县','7507.3','area',7507,2),(18095,'赣　县','7507.2','area',7507,2),(18094,'章贡区','7507.1','area',7507,2),(18093,'赣州市','7507','area',7507,1),(18092,'贵溪市','7506.3','area',7506,2),(18091,'余江县','7506.2','area',7506,2),(18090,'月湖区','7506.1','area',7506,2),(18089,'鹰潭市','7506','area',7506,1),(18088,'分宜县','7505.2','area',7505,2),(18087,'渝水区','7505.1','area',7505,2),(18086,'新余市','7505','area',7505,1),(18085,'瑞昌市','7504.12','area',7504,2),(18084,'彭泽县','7504.11','area',7504,2),(18083,'湖口县','7504.10','area',7504,2),(18082,'都昌县','7504.9','area',7505,2),(18081,'星子县','7504.8','area',7505,2),(18080,'德安县','7504.7','area',7505,2),(18079,'永修县','7504.6','area',7505,2),(18078,'修水县','7504.5','area',7505,2),(18077,'武宁县','7504.4','area',7504,2),(18076,'九江县','7504.3','area',7504,2),(18075,'浔阳区','7504.2','area',7504,2),(18074,'庐山区','7504.1','area',7504,2),(18073,'九江市','7504','area',7504,1),(18072,'芦溪县','7503.5','area',7504,2),(18071,'上栗县','7503.4','area',7503,2),(18070,'莲花县','7503.3','area',7503,2),(18069,'湘东区','7503.2','area',7503,2),(18068,'安源区','7503.1','area',7503,2),(18067,'萍乡市','7503','area',7503,1),(18066,'乐平市','7502.4','area',7502,2),(18065,'浮梁县','7502.3','area',7502,2),(18064,'珠山区','7502.2','area',7502,2),(18063,'昌江区','7502.1','area',7502,2),(18062,'景德镇市','7502','area',7502,1),(18061,'进贤县','7501.9','area',7502,2),(18060,'安义县','7501.8','area',7502,2),(18059,'新建县','7501.7','area',7502,2),(18058,'南昌县','7501.6','area',7502,2),(18057,'青山湖区','7501.5','area',7502,2),(18056,'湾里区','7501.4','area',7501,2),(18055,'青云谱区','7501.3','area',7501,2),(18054,'西湖区','7501.2','area',7501,2),(18053,'东湖区','7501.1','area',7501,2),(18052,'南昌市','7501','area',7501,1),(18051,'江西省','7500','area',7500,0),(18050,'福鼎市','7009.9','area',7010,2),(18049,'福安市','7009.8','area',7010,2),(18048,'柘荣县','7009.7','area',7010,2),(18047,'周宁县','7009.6','area',7010,2),(18046,'寿宁县','7009.5','area',7010,2),(18045,'屏南县','7009.4','area',7009,2),(18044,'古田县','7009.3','area',7009,2),(18043,'霞浦县','7009.2','area',7009,2),(18042,'蕉城区','7009.1','area',7009,2),(18041,'宁德市','7009','area',7009,1),(18040,'漳平市','7008.7','area',7009,2),(18039,'连城县','7008.6','area',7009,2),(18038,'武平县','7008.5','area',7009,2),(18037,'上杭县','7008.4','area',7008,2),(18036,'永定县','7008.3','area',7008,2),(18035,'长汀县','7008.2','area',7008,2),(18034,'新罗区','7008.1','area',7008,2),(18033,'龙岩市','7008','area',7008,1),(18032,'建阳市','7007.10','area',7007,2),(18031,'建瓯市','7007.9','area',7008,2),(18030,'武夷山市','7007.8','area',7008,2),(18029,'邵武市','7007.7','area',7008,2),(18028,'政和县','7007.6','area',7008,2),(18027,'松溪县','7007.5','area',7008,2),(18026,'光泽县','7007.4','area',7007,2),(18025,'浦城县','7007.3','area',7007,2),(18024,'顺昌县','7007.2','area',7007,2),(18023,'延平区','7007.1','area',7007,2),(18022,'南平市','7007','area',7007,1),(18021,'龙海市','7006.11','area',7006,2),(18020,'华安县','7006.10','area',7006,2),(18019,'平和县','7006.9','area',7007,2),(18018,'南靖县','7006.8','area',7007,2),(18017,'东山县','7006.7','area',7007,2),(18016,'长泰县','7006.6','area',7007,2),(18015,'诏安县','7006.5','area',7007,2),(18014,'漳浦县','7006.4','area',7006,2),(18013,'云霄县','7006.3','area',7006,2),(18012,'龙文区','7006.2','area',7006,2),(18011,'芗城区','7006.1','area',7006,2),(18010,'漳州市','7006','area',7006,1),(18009,'南安市','7005.12','area',7005,2),(18008,'晋江市','7005.11','area',7005,2),(18007,'石狮市','7005.10','area',7005,2),(18006,'金门县','7005.9','area',7006,2),(18005,'德化县','7005.8','area',7006,2),(18004,'永春县','7005.7','area',7006,2),(18003,'安溪县','7005.6','area',7006,2),(18002,'惠安县','7005.5','area',7006,2),(18001,'泉港区','7005.4','area',7005,2),(18000,'洛江区','7005.3','area',7005,2),(17999,'丰泽区','7005.2','area',7005,2),(17998,'鲤城区','7005.1','area',7005,2),(17997,'泉州市','7005','area',7005,1),(17996,'永安市','7004.12','area',7004,2),(17995,'建宁县','7004.11','area',7004,2),(17994,'泰宁县','7004.10','area',7004,2),(17993,'将乐县','7004.9','area',7005,2),(17992,'沙　县','7004.8','area',7005,2),(17991,'尤溪县','7004.7','area',7005,2),(17990,'大田县','7004.6','area',7005,2),(17989,'宁化县','7004.5','area',7005,2),(17988,'清流县','7004.4','area',7004,2),(17987,'明溪县','7004.3','area',7004,2),(17986,'三元区','7004.2','area',7004,2),(17985,'梅列区','7004.1','area',7004,2),(17984,'三明市','7004','area',7004,1),(17983,'仙游县','7003.5','area',7004,2),(17982,'秀屿区','7003.4','area',7003,2),(17981,'荔城区','7003.3','area',7003,2),(17980,'涵江区','7003.2','area',7003,2),(17979,'城厢区','7003.1','area',7003,2),(17978,'莆田市','7003','area',7003,1),(17977,'翔安区','7002.6','area',7003,2),(17976,'同安区','7002.5','area',7003,2),(17975,'集美区','7002.4','area',7002,2),(17974,'湖里区','7002.3','area',7002,2),(17973,'海沧区','7002.2','area',7002,2),(17972,'思明区','7002.1','area',7002,2),(17971,'厦门市','7002','area',7002,1),(17970,'长乐市','7001.13','area',7001,2),(17969,'福清市','7001.12','area',7001,2),(17968,'平潭县','7001.11','area',7001,2),(17967,'永泰县','7001.10','area',7001,2),(17966,'闽清县','7001.9','area',7002,2),(17965,'罗源县','7001.8','area',7002,2),(17964,'连江县','7001.7','area',7002,2),(17963,'闽侯县','7001.6','area',7002,2),(17962,'晋安区','7001.5','area',7002,2),(17961,'马尾区','7001.4','area',7001,2),(17960,'仓山区','7001.3','area',7001,2),(17959,'台江区','7001.2','area',7001,2),(17958,'鼓楼区','7001.1','area',7001,2),(17957,'福州市','7001','area',7001,1),(17956,'福建省','7000','area',7000,0),(17955,'宁国市','6517.7','area',6518,2),(17954,'旌德县','6517.6','area',6518,2),(17953,'绩溪县','6517.5','area',6518,2),(17952,'泾　县','6517.4','area',6517,2),(17951,'广德县','6517.3','area',6517,2),(17950,'郎溪县','6517.2','area',6517,2),(17949,'宣州区','6517.1','area',6517,2),(17948,'宣城市','6517','area',6517,1),(17947,'青阳县','6516.4','area',6516,2),(17946,'石台县','6516.3','area',6516,2),(17945,'东至县','6516.2','area',6516,2),(17944,'贵池区','6516.1','area',6516,2),(17943,'池州市','6516','area',6516,1),(17942,'利辛县','6515.4','area',6515,2),(17941,'蒙城县','6515.3','area',6515,2),(17940,'涡阳县','6515.2','area',6515,2),(17939,'谯城区','6515.1','area',6515,2),(17938,'亳州市','6515','area',6515,1),(17937,'霍山县','6514.7','area',6515,2),(17936,'金寨县','6514.6','area',6515,2),(17935,'舒城县','6514.5','area',6515,2),(17934,'霍邱县','6514.4','area',6514,2),(17933,'寿　县','6514.3','area',6514,2),(17932,'裕安区','6514.2','area',6514,2),(17931,'金安区','6514.1','area',6514,2),(17930,'六安市','6514','area',6514,1),(17929,'和　县','6513.5','area',6514,2),(17928,'含山县','6513.4','area',6513,2),(17927,'无为县','6513.3','area',6513,2),(17926,'庐江县','6513.2','area',6513,2),(17925,'居巢区','6513.1','area',6513,2),(17924,'巢湖市','6513','area',6513,1),(17923,'泗　县','6512.5','area',6513,2),(17922,'灵璧县','6512.4','area',6512,2),(17921,'萧　县','6512.3','area',6512,2),(17920,'砀山县','6512.2','area',6512,2),(17919,'墉桥区','6512.1','area',6512,2),(17918,'宿州市','6512','area',6512,1),(17917,'界首市','6511.8','area',6512,2),(17916,'颍上县','6511.7','area',6512,2),(17915,'阜南县','6511.6','area',6512,2),(17914,'太和县','6511.5','area',6512,2),(17913,'临泉县','6511.4','area',6511,2),(17912,'颍泉区','6511.3','area',6511,2),(17911,'颍东区','6511.2','area',6511,2),(17910,'颍州区','6511.1','area',6511,2),(17909,'阜阳市','6511','area',6511,1),(17908,'明光市','6510.8','area',6511,2),(17907,'天长市','6510.7','area',6511,2),(17906,'凤阳县','6510.6','area',6511,2),(17905,'定远县','6510.5','area',6511,2),(17904,'全椒县','6510.4','area',6510,2),(17903,'来安县','6510.3','area',6510,2),(17902,'南谯区','6510.2','area',6510,2),(17901,'琅琊区','6510.1','area',6510,2),(17900,'滁州市','6510','area',6510,1),(17899,'祁门县','6509.7','area',6510,2),(17898,'黟　县','6509.6','area',6510,2),(17897,'休宁县','6509.5','area',6510,2),(17896,'歙　县','6509.4','area',6509,2),(17895,'徽州区','6509.3','area',6509,2),(17894,'黄山区','6509.2','area',6509,2),(17893,'屯溪区','6509.1','area',6509,2),(17892,'黄山市','6509','area',6509,1),(17891,'桐城市','6508.11','area',6508,2),(17890,'岳西县','6508.10','area',6508,2),(17889,'望江县','6508.9','area',6509,2),(17888,'宿松县','6508.8','area',6509,2),(17887,'太湖县','6508.7','area',6509,2),(17886,'潜山县','6508.6','area',6509,2),(17885,'枞阳县','6508.5','area',6509,2),(17884,'怀宁县','6508.4','area',6508,2),(17883,'郊　区','6508.3','area',6508,2),(17882,'大观区','6508.2','area',6508,2),(17881,'迎江区','6508.1','area',6508,2),(17880,'安庆市','6508','area',6508,1),(17879,'铜陵县','6507.4','area',6507,2),(17878,'郊　区','6507.3','area',6507,2),(17877,'狮子山区','6507.2','area',6507,2),(17876,'铜官山区','6507.1','area',6507,2),(17875,'铜陵市','6507','area',6507,1),(17874,'濉溪县','6506.4','area',6506,2),(17873,'烈山区','6506.3','area',6506,2),(17872,'相山区','6506.2','area',6506,2),(17871,'杜集区','6506.1','area',6506,2),(17870,'淮北市','6506','area',6506,1),(17869,'当涂县','6505.4','area',6505,2),(17868,'雨山区','6505.3','area',6505,2),(17867,'花山区','6505.2','area',6505,2),(17866,'金家庄区','6505.1','area',6505,2),(17865,'马鞍山市','6505','area',6505,1),(17864,'凤台县','6504.6','area',6505,2),(17863,'潘集区','6504.5','area',6505,2),(17862,'八公山区','6504.4','area',6504,2),(17861,'谢家集区','6504.3','area',6504,2),(17860,'田家庵区','6504.2','area',6504,2),(17859,'大通区','6504.1','area',6504,2),(17858,'淮南市','6504','area',6504,1),(17857,'固镇县','6503.7','area',6504,2),(17856,'五河县','6503.6','area',6504,2),(17855,'怀远县','6503.5','area',6504,2),(17854,'淮上区','6503.4','area',6503,2),(17853,'禹会区','6503.3','area',6503,2),(17852,'蚌山区','6503.2','area',6503,2),(17851,'龙子湖区','6503.1','area',6503,2),(17850,'蚌埠市','6503','area',6503,1),(17849,'南陵县','6502.7','area',6503,2),(17848,'繁昌县','6502.6','area',6503,2),(17847,'芜湖县','6502.5','area',6503,2),(17846,'鸠江区','6502.4','area',6502,2),(17845,'新芜区','6502.3','area',6502,2),(17844,'马塘区','6502.2','area',6502,2),(17843,'镜湖区','6502.1','area',6502,2),(17842,'芜湖市','6502','area',6502,1),(17841,'肥西县','6501.7','area',6502,2),(17840,'肥东县','6501.6','area',6502,2),(17839,'长丰县','6501.5','area',6502,2),(17838,'包河区','6501.4','area',6501,2),(17837,'蜀山区','6501.3','area',6501,2),(17836,'庐阳区','6501.2','area',6501,2),(17835,'瑶海区','6501.1','area',6501,2),(17834,'合肥市','6501','area',6501,1),(17833,'安徽省','6500','area',6500,0),(17832,'龙泉市','6011.9','area',6012,2),(17831,'景宁畲族自治县','6011.8','area',6012,2),(17830,'庆元县','6011.7','area',6012,2),(17829,'云和县','6011.6','area',6012,2),(17828,'松阳县','6011.5','area',6012,2),(17827,'遂昌县','6011.4','area',6011,2),(17826,'缙云县','6011.3','area',6011,2),(17825,'青田县','6011.2','area',6011,2),(17824,'莲都区','6011.1','area',6011,2),(17823,'丽水市','6011','area',6011,1),(17822,'临海市','6010.9','area',6011,2),(17821,'温岭市','6010.8','area',6011,2),(17820,'仙居县','6010.7','area',6011,2),(17819,'天台县','6010.6','area',6011,2),(17818,'三门县','6010.5','area',6011,2),(17817,'玉环县','6010.4','area',6010,2),(17816,'路桥区','6010.3','area',6010,2),(17815,'黄岩区','6010.2','area',6010,2),(17814,'椒江区','6010.1','area',6010,2),(17813,'台州市','6010','area',6010,1),(17812,'嵊泗县','6009.4','area',6009,2),(17811,'岱山县','6009.3','area',6009,2),(17810,'普陀区','6009.2','area',6009,2),(17809,'定海区','6009.1','area',6009,2),(17808,'舟山市','6009','area',6009,1),(17807,'江山市','6008.6','area',6009,2),(17806,'龙游县','6008.5','area',6009,2),(17805,'开化县','6008.4','area',6008,2),(17804,'常山县','6008.3','area',6008,2),(17803,'衢江区','6008.2','area',6008,2),(17802,'柯城区','6008.1','area',6008,2),(17801,'衢州市','6008','area',6008,1),(17800,'永康市','6007.9','area',6008,2),(17799,'东阳市','6007.8','area',6008,2),(17798,'义乌市','6007.7','area',6008,2),(17797,'兰溪市','6007.6','area',6008,2),(17796,'磐安县','6007.5','area',6008,2),(17795,'浦江县','6007.4','area',6007,2),(17794,'武义县','6007.3','area',6007,2),(17793,'金东区','6007.2','area',6007,2),(17792,'婺城区','6007.1','area',6007,2),(17791,'金华市','6007','area',6007,1),(17790,'嵊州市','6006.6','area',6007,2),(17789,'上虞市','6006.5','area',6007,2),(17788,'诸暨市','6006.4','area',6006,2),(17787,'新昌县','6006.3','area',6006,2),(17786,'绍兴县','6006.2','area',6006,2),(17785,'越城区','6006.1','area',6006,2),(17784,'绍兴市','6006','area',6006,1),(17783,'安吉县','6005.5','area',6006,2),(17782,'长兴县','6005.4','area',6005,2),(17781,'德清县','6005.3','area',6005,2),(17780,'南浔区','6005.2','area',6005,2),(17779,'吴兴区','6005.1','area',6005,2),(17778,'湖州市','6005','area',6005,1),(17777,'桐乡市','6004.7','area',6005,2),(17776,'平湖市','6004.6','area',6005,2),(17775,'海宁市','6004.5','area',6005,2),(17774,'海盐县','6004.4','area',6004,2),(17773,'嘉善县','6004.3','area',6004,2),(17772,'秀洲区','6004.2','area',6004,2),(17771,'秀城区','6004.1','area',6004,2),(17770,'嘉兴市','6004','area',6004,1),(17769,'乐清市','6003.11','area',6003,2),(17768,'瑞安市','6003.10','area',6003,2),(17767,'泰顺县','6003.9','area',6004,2),(17766,'文成县','6003.8','area',6004,2),(17765,'苍南县','6003.7','area',6004,2),(17764,'平阳县','6003.6','area',6004,2),(17763,'永嘉县','6003.5','area',6004,2),(17762,'洞头县','6003.4','area',6003,2),(17761,'瓯海区','6003.3','area',6003,2),(17760,'龙湾区','6003.2','area',6003,2),(17759,'鹿城区','6003.1','area',6003,2),(17758,'温州市','6003','area',6003,1),(17757,'奉化市','6002.11','area',6002,2),(17756,'慈溪市','6002.10','area',6002,2),(17755,'余姚市','6002.9','area',6003,2),(17754,'宁海县','6002.8','area',6003,2),(17753,'象山县','6002.7','area',6003,2),(17752,'鄞州区','6002.6','area',6003,2),(17751,'镇海区','6002.5','area',6003,2),(17750,'北仑区','6002.4','area',6002,2),(17749,'江北区','6002.3','area',6002,2),(17748,'江东区','6002.2','area',6002,2),(17747,'海曙区','6002.1','area',6002,2),(17746,'宁波市','6002','area',6002,1),(17745,'临安市','6001.13','area',6001,2),(17744,'富阳市','6001.12','area',6001,2),(17743,'建德市','6001.11','area',6001,2),(17742,'淳安县','6001.10','area',6001,2),(17741,'桐庐县','6001.9','area',6002,2),(17740,'余杭区','6001.8','area',6002,2),(17739,'萧山区','6001.7','area',6002,2),(17738,'滨江区','6001.6','area',6002,2),(17737,'西湖区','6001.5','area',6002,2),(17736,'拱墅区','6001.4','area',6001,2),(17735,'江干区','6001.3','area',6001,2),(17734,'下城区','6001.2','area',6001,2),(17733,'上城区','6001.1','area',6001,2),(17732,'杭州市','6001','area',6001,1),(17731,'浙江省','6000','area',6000,0),(17730,'泗洪县','5513.5','area',5514,2),(17729,'泗阳县','5513.4','area',5513,2),(17728,'沭阳县','5513.3','area',5513,2),(17727,'宿豫区','5513.2','area',5513,2),(17726,'宿城区','5513.1','area',5513,2),(17725,'宿迁市','5513','area',5513,1),(17724,'姜堰市','5512.6','area',5513,2),(17723,'泰兴市','5512.5','area',5513,2),(17722,'靖江市','5512.4','area',5512,2),(17721,'兴化市','5512.3','area',5512,2),(17720,'高港区','5512.2','area',5512,2),(17719,'海陵区','5512.1','area',5512,2),(17718,'泰州市','5512','area',5512,1),(17717,'句容市','5511.6','area',5512,2),(17716,'扬中市','5511.5','area',5512,2),(17715,'丹阳市','5511.4','area',5511,2),(17714,'丹徒区','5511.3','area',5511,2),(17713,'润州区','5511.2','area',5511,2),(17712,'京口区','5511.1','area',5511,2),(17711,'镇江市','5511','area',5511,1),(17710,'江都市','5510.7','area',5511,2),(17709,'高邮市','5510.6','area',5511,2),(17708,'仪征市','5510.5','area',5511,2),(17707,'宝应县','5510.4','area',5510,2),(17706,'郊　区','5510.3','area',5510,2),(17705,'邗江区','5510.2','area',5510,2),(17704,'广陵区','5510.1','area',5510,2),(17703,'扬州市','5510','area',5510,1),(17702,'大丰市','5509.9','area',5510,2),(17701,'东台市','5509.8','area',5510,2),(17700,'建湖县','5509.7','area',5510,2),(17699,'射阳县','5509.6','area',5510,2),(17698,'阜宁县','5509.5','area',5510,2),(17697,'滨海县','5509.4','area',5509,2),(17696,'响水县','5509.3','area',5509,2),(17695,'盐都区','5509.2','area',5509,2),(17694,'亭湖区','5509.1','area',5509,2),(17693,'盐城市','5509','area',5509,1),(17692,'金湖县','5508.8','area',5509,2),(17691,'盱眙县','5508.7','area',5509,2),(17690,'洪泽县','5508.6','area',5509,2),(17689,'涟水县','5508.5','area',5509,2),(17688,'清浦区','5508.4','area',5508,2),(17687,'淮阴区','5508.3','area',5508,2),(17686,'楚州区','5508.2','area',5508,2),(17685,'清河区','5508.1','area',5508,2),(17684,'淮安市','5508','area',5508,1),(17683,'灌南县','5507.7','area',5508,2),(17682,'灌云县','5507.6','area',5508,2),(17681,'东海县','5507.5','area',5508,2),(17680,'赣榆县','5507.4','area',5507,2),(17679,'海州区','5507.3','area',5507,2),(17678,'新浦区','5507.2','area',5507,2),(17677,'连云区','5507.1','area',5507,2),(17676,'连云港市','5507','area',5507,1),(17675,'海门市','5506.8','area',5507,2),(17674,'通州市','5506.7','area',5507,2),(17673,'如皋市','5506.6','area',5507,2),(17672,'启东市','5506.5','area',5507,2),(17671,'如东县','5506.4','area',5506,2),(17670,'海安县','5506.3','area',5506,2),(17669,'港闸区','5506.2','area',5506,2),(17668,'崇川区','5506.1','area',5506,2),(17667,'南通市','5506','area',5506,1),(17666,'太仓市','5505.11','area',5505,2),(17665,'吴江市','5505.10','area',5505,2),(17664,'昆山市','5505.9','area',5506,2),(17663,'张家港市','5505.8','area',5506,2),(17662,'常熟市','5505.7','area',5506,2),(17661,'相城区','5505.6','area',5506,2),(17660,'吴中区','5505.5','area',5506,2),(17659,'虎丘区','5505.4','area',5505,2),(17658,'金阊区','5505.3','area',5505,2),(17657,'平江区','5505.2','area',5505,2),(17656,'沧浪区','5505.1','area',5505,2),(17655,'苏州市','5505','area',5505,1),(17654,'金坛市','5504.7','area',5505,2),(17653,'溧阳市','5504.6','area',5505,2),(17652,'武进区','5504.5','area',5505,2),(17651,'新北区','5504.4','area',5504,2),(17650,'戚墅堰区','5504.3','area',5504,2),(17649,'钟楼区','5504.2','area',5504,2),(17648,'天宁区','5504.1','area',5504,2),(17647,'常州市','5504','area',5504,1),(17646,'邳州市','5503.11','area',5503,2),(17645,'新沂市','5503.10','area',5503,2),(17644,'睢宁县','5503.9','area',5504,2),(17643,'铜山县','5503.8','area',5504,2),(17642,'沛　县','5503.7','area',5504,2),(17641,'丰　县','5503.6','area',5504,2),(17640,'泉山区','5503.5','area',5504,2),(17639,'贾汪区','5503.4','area',5503,2),(17638,'九里区','5503.3','area',5503,2),(17637,'云龙区','5503.2','area',5503,2),(17636,'鼓楼区','5503.1','area',5503,2),(17635,'徐州市','5503','area',5503,1),(17634,'宜兴市','5502.8','area',5503,2),(17633,'江阴市','5502.7','area',5503,2),(17632,'滨湖区','5502.6','area',5503,2),(17631,'惠山区','5502.5','area',5503,2),(17630,'锡山区','5502.4','area',5502,2),(17629,'北塘区','5502.3','area',5502,2),(17628,'南长区','5502.2','area',5502,2),(17627,'崇安区','5502.1','area',5502,2),(17626,'无锡市','5502','area',5502,1),(17625,'高淳县','5501.13','area',5501,2),(17624,'溧水县','5501.12','area',5501,2),(17623,'六合区','5501.11','area',5501,2),(17622,'江宁区','5501.10','area',5501,2),(17621,'雨花台区','5501.9','area',5502,2),(17620,'栖霞区','5501.8','area',5502,2),(17619,'浦口区','5501.7','area',5502,2),(17618,'下关区','5501.6','area',5502,2),(17617,'鼓楼区','5501.5','area',5502,2),(17616,'建邺区','5501.4','area',5501,2),(17615,'秦淮区','5501.3','area',5501,2),(17614,'白下区','5501.2','area',5501,2),(17613,'武区','5501.1','area',5501,2),(17612,'南京市','5501','area',5501,1),(17611,'江苏省','5500','area',5500,0),(17610,'崇明县','5019','area',5019,1),(17609,'奉贤区','5018','area',5018,1),(17608,'南汇区','5017','area',5017,1),(17607,'青浦区','5016','area',5016,1),(17606,'松江区','5015','area',5015,1),(17605,'金山区','5014','area',5014,1),(17604,'浦东新区','5013','area',5013,1),(17603,'嘉定区','5012','area',5012,1),(17602,'宝山区','5011','area',5011,1),(17601,'闵行区','5010','area',5010,1),(17600,'杨浦区','5009','area',5009,1),(17599,'虹口区','5008','area',5008,1),(17598,'闸北区','5007','area',5007,1),(17597,'普陀区','5006','area',5006,1),(17596,'静安区','5005','area',5005,1),(17595,'长宁区','5004','area',5004,1),(17594,'徐汇区','5003','area',5003,1),(17593,'卢湾区','5002','area',5002,1),(17592,'黄浦区','5001','area',5001,1),(17591,'上海市','5000','area',5000,0),(17590,'漠河县','4513.3','area',4513,2),(17589,'塔河县','4513.2','area',4513,2),(17588,'呼玛县','4513.1','area',4513,2),(17587,'大兴安岭地区','4513','area',4513,1),(17586,'海伦市','4512.10','area',4512,2),(17585,'肇东市','4512.9','area',4513,2),(17584,'安达市','4512.8','area',4513,2),(17583,'绥棱县','4512.7','area',4513,2),(17582,'明水县','4512.6','area',4513,2),(17581,'庆安县','4512.5','area',4513,2),(17580,'青冈县','4512.4','area',4512,2),(17579,'兰西县','4512.3','area',4512,2),(17578,'望奎县','4512.2','area',4512,2),(17577,'北林区','4512.1','area',4512,2),(17576,'绥化市','4512','area',4512,1),(17575,'五大连池市','4511.6','area',4512,2),(17574,'北安市','4511.5','area',4512,2),(17573,'孙吴县','4511.4','area',4511,2),(17572,'逊克县','4511.3','area',4511,2),(17571,'嫩江县','4511.2','area',4511,2),(17570,'爱辉区','4511.1','area',4511,2),(17569,'黑河市','4511','area',4511,1),(17568,'穆棱市','4510.10','area',4510,2),(17567,'宁安市','4510.9','area',4511,2),(17566,'海林市','4510.8','area',4511,2),(17565,'绥芬河市','4510.7','area',4511,2),(17564,'林口县','4510.6','area',4511,2),(17563,'东宁县','4510.5','area',4511,2),(17562,'西安区','4510.4','area',4510,2),(17561,'爱民区','4510.3','area',4510,2),(17560,'阳明区','4510.2','area',4510,2),(17559,'东安区','4510.1','area',4510,2),(17558,'牡丹江市','4510','area',4510,1),(17557,'勃利县','4509.4','area',4509,2),(17556,'茄子河区','4509.3','area',4509,2),(17555,'桃山区','4509.2','area',4509,2),(17554,'新兴区','4509.1','area',4509,2),(17553,'七台河市','4509','area',4509,1),(17552,'富锦市','4508.11','area',4508,2),(17551,'同江市','4508.10','area',4508,2),(17550,'抚远县','4508.9','area',4509,2),(17549,'汤原县','4508.8','area',4509,2),(17548,'桦川县','4508.7','area',4509,2),(17547,'桦南县','4508.6','area',4509,2),(17546,'郊　区','4508.5','area',4509,2),(17545,'东风区','4508.4','area',4508,2),(17544,'前进区','4508.3','area',4508,2),(17543,'向阳区','4508.2','area',4508,2),(17542,'永红区','4508.1','area',4508,2),(17541,'佳木斯市','4508','area',4508,1),(17540,'铁力市','4507.17','area',4507,2),(17539,'嘉荫县','4507.16','area',4507,2),(17538,'上甘岭区','4507.15','area',4507,2),(17537,'红星区','4507.14','area',4507,2),(17536,'乌伊岭区','4507.13','area',4507,2),(17535,'带岭区','4507.12','area',4507,2),(17534,'汤旺河区','4507.11','area',4507,2),(17533,'乌马河区','4507.10','area',4507,2),(17532,'五营区','4507.9','area',4508,2),(17531,'金山屯区','4507.8','area',4508,2),(17530,'美溪区','4507.7','area',4508,2),(17529,'新青区','4507.6','area',4508,2),(17528,'翠峦区','4507.5','area',4508,2),(17527,'西林区','4507.4','area',4507,2),(17526,'友好区','4507.3','area',4507,2),(17525,'南岔区','4507.2','area',4507,2),(17524,'伊春区','4507.1','area',4507,2),(17523,'伊春市','4507','area',4507,1),(17522,'杜尔伯特蒙古族自治县','4506.9','area',4507,2),(17521,'林甸县','4506.8','area',4507,2),(17520,'肇源县','4506.7','area',4507,2),(17519,'肇州县','4506.6','area',4507,2),(17518,'大同区','4506.5','area',4507,2),(17517,'红岗区','4506.4','area',4506,2),(17516,'让胡路区','4506.3','area',4506,2),(17515,'龙凤区','4506.2','area',4506,2),(17514,'萨尔图区','4506.1','area',4506,2),(17513,'大庆市','4506','area',4506,1),(17512,'饶河县','4505.8','area',4506,2),(17511,'宝清县','4505.7','area',4506,2),(17510,'友谊县','4505.6','area',4506,2),(17509,'集贤县','4505.5','area',4506,2),(17508,'宝山区','4505.4','area',4505,2),(17507,'四方台区','4505.3','area',4505,2),(17506,'岭东区','4505.2','area',4505,2),(17505,'尖山区','4505.1','area',4505,2),(17504,'双鸭山市','4505','area',4505,1),(17503,'绥滨县','4504.8','area',4505,2),(17502,'萝北县','4504.7','area',4505,2),(17501,'兴山区','4504.6','area',4505,2),(17500,'东山区','4504.5','area',4505,2),(17499,'兴安区','4504.4','area',4504,2),(17498,'南山区','4504.3','area',4504,2),(17497,'工农区','4504.2','area',4504,2),(17496,'向阳区','4504.1','area',4504,2),(17495,'鹤岗市','4504','area',4504,1),(17494,'密山市','4503.9','area',4504,2),(17493,'虎林市','4503.8','area',4504,2),(17492,'鸡东县','4503.7','area',4504,2),(17491,'麻山区','4503.6','area',4504,2),(17490,'城子河区','4503.5','area',4504,2),(17489,'梨树区','4503.4','area',4503,2),(17488,'滴道区','4503.3','area',4503,2),(17487,'恒山区','4503.2','area',4503,2),(17486,'鸡冠区','4503.1','area',4503,2),(17485,'鸡西市','4503','area',4503,1),(17484,'讷河市','4502.15','area',4502,2),(17483,'拜泉县','4502.14','area',4502,2),(17482,'克东县','4502.13','area',4502,2),(17481,'克山县','4502.12','area',4502,2),(17480,'富裕县','4502.11','area',4502,2),(17479,'甘南县','4502.10','area',4502,2),(17478,'泰来县','4502.9','area',4503,2),(17477,'龙江县 依安县','4502.8','area',4503,2),(17476,'梅里斯达斡尔族区','4502.7','area',4503,2),(17475,'碾子山区','4502.6','area',4503,2),(17474,'富拉尔基区','4502.5','area',4503,2),(17473,'昂昂溪区','4502.4','area',4502,2),(17472,'铁锋区','4502.3','area',4502,2),(17471,'建华区','4502.2','area',4502,2),(17470,'龙沙区','4502.1','area',4502,2),(17469,'齐齐哈尔市','4502','area',4502,1),(17468,'五常市','4501.19','area',4501,2),(17467,'尚志市','4501.18','area',4501,2),(17466,'双城市','4501.17','area',4501,2),(17465,'阿城市','4501.16','area',4501,2),(17464,'延寿县','4501.15','area',4501,2),(17463,'通河县','4501.14','area',4501,2),(17462,'木兰县','4501.13','area',4501,2),(17461,'巴彦县','4501.12','area',4501,2),(17460,'宾　县','4501.11','area',4501,2),(17459,'方正县','4501.10','area',4501,2),(17458,'依兰县','4501.9','area',4502,2),(17457,'呼兰区','4501.8','area',4502,2),(17456,'松北区','4501.7','area',4502,2),(17455,'平房区','4501.6','area',4502,2),(17454,'动力区','4501.5','area',4502,2),(17453,'香坊区','4501.4','area',4501,2),(17452,'道外区','4501.3','area',4501,2),(17451,'南岗区','4501.2','area',4501,2),(17450,'道里区','4501.1','area',4501,2),(17449,'哈尔滨市','4501','area',4501,1),(17448,'黑龙江省','4500','area',4500,0),(17447,'安图县','4009.8','area',4010,2),(17446,'汪清县','4009.7','area',4010,2),(17445,'和龙市','4009.6','area',4010,2),(17444,'龙井市','4009.5','area',4010,2),(17443,'珲春市','4009.4','area',4009,2),(17442,'敦化市','4009.3','area',4009,2),(17441,'图们市','4009.2','area',4009,2),(17440,'延吉市','4009.1','area',4009,2),(17439,'延边朝鲜族自治州','4009','area',4009,1),(17438,'大安市','4008.5','area',4009,2),(17437,'洮南市','4008.4','area',4008,2),(17436,'通榆县','4008.3','area',4008,2),(17435,'镇赉县','4008.2','area',4008,2),(17434,'洮北区','4008.1','area',4008,2),(17433,'白城市','4008','area',4008,1),(17432,'扶余县','4007.5','area',4008,2),(17431,'乾安县','4007.4','area',4007,2),(17430,'长岭县','4007.3','area',4007,2),(17429,'前郭尔罗斯蒙古族自治县','4007.2','area',4007,2),(17428,'宁江区','4007.1','area',4007,2),(17427,'松原市','4007','area',4007,1),(17426,'临江市','4006.6','area',4007,2),(17425,'江源县','4006.5','area',4007,2),(17424,'长白朝鲜族自治县','4006.4','area',4006,2),(17423,'靖宇县','4006.3','area',4006,2),(17422,'抚松县','4006.2','area',4006,2),(17421,'八道江区','4006.1','area',4006,2),(17420,'白山市','4006','area',4006,1),(17419,'集安市','4005.7','area',4006,2),(17418,'梅河口市','4005.6','area',4006,2),(17417,'柳河县','4005.5','area',4006,2),(17416,'辉南县','4005.4','area',4005,2),(17415,'通化县','4005.3','area',4005,2),(17414,'二道江区','4005.2','area',4005,2),(17413,'东昌区','4005.1','area',4005,2),(17412,'通化市','4005','area',4005,1),(17411,'东辽县','4004.4','area',4004,2),(17410,'东丰县','4004.3','area',4004,2),(17409,'西安区','4004.2','area',4004,2),(17408,'龙山区','4004.1','area',4004,2),(17407,'辽源市','4004','area',4004,1),(17406,'双辽市','4003.6','area',4004,2),(17405,'公主岭市','4003.5','area',4004,2),(17404,'伊通满族自治县','4003.4','area',4003,2),(17403,'梨树县','4003.3','area',4003,2),(17402,'铁东区','4003.2','area',4003,2),(17401,'铁西区','4003.1','area',4003,2),(17400,'四平市','4003','area',4003,1),(17399,'磐石市','4002.9','area',4003,2),(17398,'舒兰市','4002.8','area',4003,2),(17397,'桦甸市','4002.7','area',4003,2),(17396,'蛟河市','4002.6','area',4003,2),(17395,'永吉县','4002.5','area',4003,2),(17394,'丰满区','4002.4','area',4002,2),(17393,'船营区','4002.3','area',4002,2),(17392,'龙潭区','4002.2','area',4002,2),(17391,'昌邑区','4002.1','area',4002,2),(17390,'吉林市','4002','area',4002,1),(17389,'德惠市','4001.10','area',4001,2),(17388,'榆树市','4001.9','area',4002,2),(17387,'九台市','4001.8','area',4002,2),(17386,'农安县','4001.7','area',4002,2),(17385,'双阳区','4001.6','area',4002,2),(17384,'绿园区','4001.5','area',4002,2),(17383,'二道区','4001.4','area',4001,2),(17382,'朝阳区','4001.3','area',4001,2),(17381,'宽城区','4001.2','area',4001,2),(17380,'南关区','4001.1','area',4001,2),(17379,'长春市','4001','area',4001,1),(17378,'吉林省','4000','area',4000,0),(17377,'兴城市','3514.6','area',3515,2),(17376,'建昌县','3514.5','area',3515,2),(17375,'绥中县','3514.4','area',3514,2),(17374,'南票区','3514.3','area',3514,2),(17373,'龙港区','3514.2','area',3514,2),(17372,'连山区','3514.1','area',3514,2),(17371,'葫芦岛市','3514','area',3514,1),(17370,'凌源市','3513.7','area',3514,2),(17369,'北票市','3513.6','area',3514,2),(17368,'喀喇沁左翼蒙古族自治县','3513.5','area',3514,2),(17367,'建平县','3513.4','area',3513,2),(17366,'朝阳县','3513.3','area',3513,2),(17365,'龙城区','3513.2','area',3513,2),(17364,'双塔区','3513.1','area',3513,2),(17363,'朝阳市','3513','area',3513,1),(17362,'开原市','3512.7','area',3513,2),(17361,'调兵山市','3512.6','area',3513,2),(17360,'昌图县','3512.5','area',3513,2),(17359,'西丰县','3512.4','area',3512,2),(17358,'铁岭县','3512.3','area',3512,2),(17357,'清河区','3512.2','area',3512,2),(17356,'银州区','3512.1','area',3512,2),(17355,'铁岭市','3512','area',3512,1),(17354,'盘山县','3511.4','area',3511,2),(17353,'大洼县','3511.3','area',3511,2),(17352,'兴隆台区','3511.2','area',3511,2),(17351,'双台子区','3511.1','area',3511,2),(17350,'盘锦市','3511','area',3511,1),(17349,'灯塔市','3510.7','area',3511,2),(17348,'辽阳县','3510.6','area',3511,2),(17347,'太子河区','3510.5','area',3511,2),(17346,'弓长岭区','3510.4','area',3510,2),(17345,'宏伟区','3510.3','area',3510,2),(17344,'文圣区','3510.2','area',3510,2),(17343,'白塔区','3510.1','area',3510,2),(17342,'辽阳市','3510','area',3510,1),(17341,'彰武县','3509.7','area',3510,2),(17340,'阜新蒙古族自治县','3509.6','area',3510,2),(17339,'细河区','3509.5','area',3510,2),(17338,'清河门区','3509.4','area',3509,2),(17337,'太平区','3509.3','area',3509,2),(17336,'新邱区','3509.2','area',3509,2),(17335,'海州区','3509.1','area',3509,2),(17334,'阜新市','3509','area',3509,1),(17333,'大石桥市','3508.6','area',3509,2),(17332,'盖州市','3508.5','area',3509,2),(17331,'老边区','3508.4','area',3508,2),(17330,'鲅鱼圈区','3508.3','area',3508,2),(17329,'西市区','3508.2','area',3508,2),(17328,'站前区','3508.1','area',3508,2),(17327,'营口市','3508','area',3508,1),(17326,'北宁市','3507.7','area',3508,2),(17325,'凌海市','3507.6','area',3508,2),(17324,'义　县','3507.5','area',3508,2),(17323,'黑山县','3507.4','area',3507,2),(17322,'太和区','3507.3','area',3507,2),(17321,'凌河区','3507.2','area',3507,2),(17320,'古塔区','3507.1','area',3507,2),(17319,'锦州市','3507','area',3507,1),(17318,'凤城市','3506.6','area',3507,2),(17317,'东港市','3506.5','area',3507,2),(17316,'宽甸满族自治县','3506.4','area',3506,2),(17315,'振安区','3506.3','area',3506,2),(17314,'振兴区','3506.2','area',3506,2),(17313,'元宝区','3506.1','area',3506,2),(17312,'丹东市','3506','area',3506,1),(17311,'桓仁满族自治县','3505.6','area',3506,2),(17310,'本溪满族自治县','3505.5','area',3506,2),(17309,'南芬区','3505.4','area',3505,2),(17308,'明山区','3505.3','area',3505,2),(17307,'溪湖区','3505.2','area',3505,2),(17306,'平山区','3505.1','area',3505,2),(17305,'本溪市','3505','area',3505,1),(17304,'清原满族自治县','3504.7','area',3505,2),(17303,'新宾满族自治县','3504.6','area',3505,2),(17302,'抚顺县','3504.5','area',3505,2),(17301,'顺城区','3504.4','area',3504,2),(17300,'望花区','3504.3','area',3504,2),(17299,'东洲区','3504.2','area',3504,2),(17298,'新抚区','3504.1','area',3504,2),(17297,'抚顺市','3504','area',3504,1),(17296,'海城市','3503.7','area',3504,2),(17295,'岫岩满族自治县','3503.6','area',3504,2),(17294,'台安县','3503.5','area',3504,2),(17293,'千山区','3503.4','area',3503,2),(17292,'立山区','3503.3','area',3503,2),(17291,'铁西区','3503.2','area',3503,2),(17290,'铁东区','3503.1','area',3503,2),(17289,'鞍山市','3503','area',3503,1),(17288,'庄河市','3502.10','area',3502,2),(17287,'普兰店市','3502.9','area',3503,2),(17286,'瓦房店市','3502.8','area',3503,2),(17285,'长海县','3502.7','area',3503,2),(17284,'金州区','3502.6','area',3503,2),(17283,'旅顺口区','3502.5','area',3503,2),(17282,'甘井子区','3502.4','area',3502,2),(17281,'沙河口区','3502.3','area',3502,2),(17280,'西岗区','3502.2','area',3502,2),(17279,'中山区','3502.1','area',3502,2),(17278,'大连市','3502','area',3502,1),(17277,'新民市','3501.13','area',3501,2),(17276,'法库县','3501.12','area',3501,2),(17275,'康平县','3501.11','area',3501,2),(17274,'辽中县','3501.10','area',3501,2),(17273,'于洪区','3501.9','area',3502,2),(17272,'新城子区','3501.8','area',3502,2),(17271,'东陵区','3501.7','area',3502,2),(17270,'苏家屯区','3501.6','area',3502,2),(17269,'铁西区','3501.5','area',3502,2),(17268,'皇姑区','3501.4','area',3501,2),(17267,'大东区','3501.3','area',3501,2),(17266,'沈河区','3501.2','area',3501,2),(17265,'和平区','3501.1','area',3501,2),(17264,'沈阳市','3501','area',3501,1),(17263,'辽宁省','3500','area',3500,0),(17262,'额济纳旗','3012.3','area',3012,2),(17261,'阿拉善右旗','3012.2','area',3012,2),(17260,'阿拉善左旗','3012.1','area',3012,2),(17259,'阿拉善盟','3012','area',3012,1),(17258,'多伦县','3011.12','area',3011,2),(17257,'正蓝旗','3011.11','area',3011,2),(17256,'正镶白旗','3011.10','area',3011,2),(17255,'镶黄旗','3011.9','area',3012,2),(17254,'太仆寺旗','3011.8','area',3012,2),(17253,'西乌珠穆沁旗','3011.7','area',3012,2),(17252,'东乌珠穆沁旗','3011.6','area',3012,2),(17251,'苏尼特右旗','3011.5','area',3012,2),(17250,'苏尼特左旗','3011.4','area',3011,2),(17249,'阿巴嘎旗','3011.3','area',3011,2),(17248,'锡林浩特市','3011.2','area',3011,2),(17247,'二连浩特市','3011.1','area',3011,2),(17246,'锡林郭勒盟','3011','area',3011,1),(17245,'突泉县','3010.6','area',3011,2),(17244,'扎赉特旗','3010.5','area',3011,2),(17243,'科尔沁右翼中旗','3010.4','area',3010,2),(17242,'科尔沁右翼前旗','3010.3','area',3010,2),(17241,'阿尔山市','3010.2','area',3010,2),(17240,'乌兰浩特市','3010.1','area',3010,2),(17239,'兴安盟','3010','area',3010,1),(17238,'丰镇市','3009.11','area',3009,2),(17237,'四子王旗','3009.10','area',3009,2),(17236,'察哈尔右翼后旗','3009.9','area',3010,2),(17235,'察哈尔右翼中旗','3009.8','area',3010,2),(17234,'察哈尔右翼前旗','3009.7','area',3010,2),(17233,'凉城县','3009.6','area',3010,2),(17232,'兴和县','3009.5','area',3010,2),(17231,'商都县','3009.4','area',3009,2),(17230,'化德县','3009.3','area',3009,2),(17229,'卓资县','3009.2','area',3009,2),(17228,'集宁区','3009.1','area',3009,2),(17227,'乌兰察布市','3009','area',3009,1),(17226,'杭锦后旗','3008.7','area',3009,2),(17225,'乌拉特后旗','3008.6','area',3009,2),(17224,'乌拉特中旗','3008.5','area',3009,2),(17223,'乌拉特前旗','3008.4','area',3008,2),(17222,'磴口县','3008.3','area',3008,2),(17221,'五原县','3008.2','area',3008,2),(17220,'临河区','3008.1','area',3008,2),(17219,'巴彦淖尔市','3008','area',3008,1),(17218,'根河市','3007.13','area',3007,2),(17217,'额尔古纳市','3007.12','area',3007,2),(17216,'扎兰屯市','3007.11','area',3007,2),(17215,'牙克石市','3007.10','area',3007,2),(17214,'满洲里市','3007.9','area',3008,2),(17213,'新巴尔虎右旗','3007.8','area',3008,2),(17212,'新巴尔虎左旗','3007.7','area',3008,2),(17211,'陈巴尔虎旗','3007.6','area',3008,2),(17210,'鄂温克族自治旗','3007.5','area',3008,2),(17209,'鄂伦春自治旗','3007.4','area',3007,2),(17208,'莫力达瓦达斡尔族自治旗','3007.3','area',3007,2),(17207,'阿荣旗','3007.2','area',3007,2),(17206,'海拉尔区','3007.1','area',3007,2),(17205,'呼伦贝尔市','3007','area',3007,1),(17204,'伊金霍洛旗','3006.8','area',3007,2),(17203,'乌审旗','3006.7','area',3007,2),(17202,'杭锦旗','3006.6','area',3007,2),(17201,'鄂托克旗','3006.5','area',3007,2),(17200,'鄂托克前旗','3006.4','area',3006,2),(17199,'准格尔旗','3006.3','area',3006,2),(17198,'达拉特旗','3006.2','area',3006,2),(17197,'东胜区','3006.1','area',3006,2),(17196,'鄂尔多斯市','3006','area',3006,1),(17195,'霍林郭勒市','3005.8','area',3006,2),(17194,'扎鲁特旗','3005.7','area',3006,2),(17193,'奈曼旗','3005.6','area',3006,2),(17192,'库伦旗','3005.5','area',3006,2),(17191,'开鲁县','3005.4','area',3005,2),(17190,'科尔沁左翼后旗','3005.3','area',3005,2),(17189,'科尔沁左翼中旗','3005.2','area',3005,2),(17188,'科尔沁区','3005.1','area',3005,2),(17187,'通辽市','3005','area',3005,1),(17186,'敖汉旗','3004.12','area',3004,2),(17185,'宁城县','3004.11','area',3004,2),(17184,'喀喇沁旗','3004.10','area',3004,2),(17183,'翁牛特旗','3004.9','area',3005,2),(17182,'克什克腾旗','3004.8','area',3005,2),(17181,'林西县','3004.7','area',3005,2),(17180,'巴林右旗','3004.6','area',3005,2),(17179,'巴林左旗','3004.5','area',3005,2),(17178,'阿鲁科尔沁旗','3004.4','area',3004,2),(17177,'松山区','3004.3','area',3004,2),(17176,'元宝山区','3004.2','area',3004,2),(17175,'红山区','3004.1','area',3004,2),(17174,'赤峰市','3004','area',3004,1),(17173,'乌达区','3003.3','area',3003,2),(17172,'海南区','3003.2','area',3003,2),(17171,'海勃湾区','3003.1','area',3003,2),(17170,'乌海市','3003','area',3003,1),(17169,'达尔罕茂明安联合旗','3002.9','area',3003,2),(17168,'固阳县','3002.8','area',3003,2),(17167,'土默特右旗','3002.7','area',3003,2),(17166,'九原区','3002.6','area',3003,2),(17165,'白云矿区','3002.5','area',3003,2),(17164,'石拐区','3002.4','area',3002,2),(17163,'青山区','3002.3','area',3002,2),(17162,'昆都仑区','3002.2','area',3002,2),(17161,'东河区','3002.1','area',3002,2),(17160,'包头市','3002','area',3002,1),(17159,'武川县','3001.9','area',3002,2),(17158,'清水河县','3001.8','area',3002,2),(17157,'和林格尔县','3001.7','area',3002,2),(17156,'托克托县','3001.6','area',3002,2),(17155,'土默特左旗','3001.5','area',3002,2),(17154,'赛罕区','3001.4','area',3001,2),(17153,'玉泉区','3001.3','area',3001,2),(17152,'回民区','3001.2','area',3001,2),(17151,'新城区','3001.1','area',3001,2),(17150,'呼和浩特市','3001','area',3001,1),(17149,'内蒙古自治区','3000','area',3000,0),(17148,'汾阳市','2511.13','area',2511,2),(17147,'孝义市','2511.12','area',2511,2),(17146,'交口县','2511.11','area',2511,2),(17145,'中阳县','2511.10','area',2511,2),(17144,'方山县','2511.9','area',2512,2),(17143,'岚　县','2511.8','area',2512,2),(17142,'石楼县','2511.7','area',2512,2),(17141,'柳林县','2511.6','area',2512,2),(17140,'临　县','2511.5','area',2512,2),(17139,'兴　县','2511.4','area',2511,2),(17138,'交城县','2511.3','area',2511,2),(17137,'文水县','2511.2','area',2511,2),(17136,'离石区','2511.1','area',2511,2),(17135,'吕梁市','2511','area',2511,1),(17134,'霍州市','2510.17','area',2510,2),(17133,'侯马市','2510.16','area',2510,2),(17132,'汾西县','2510.15','area',2510,2),(17131,'蒲　县','2510.14','area',2510,2),(17130,'永和县','2510.13','area',2510,2),(17129,'隰　县','2510.12','area',2510,2),(17128,'大宁县','2510.11','area',2510,2),(17127,'乡宁县','2510.10','area',2510,2),(17126,'吉　县','2510.9','area',2511,2),(17125,'浮山县','2510.8','area',2511,2),(17124,'安泽县','2510.7','area',2511,2),(17123,'古　县','2510.6','area',2511,2),(17122,'洪洞县','2510.5','area',2511,2),(17121,'襄汾县','2510.4','area',2510,2),(17120,'翼城县','2510.3','area',2510,2),(17119,'曲沃县','2510.2','area',2510,2),(17118,'尧都区','2510.1','area',2510,2),(17117,'临汾市','2510','area',2510,1),(17116,'原平市','2509.14','area',2509,2),(17115,'偏关县','2509.13','area',2509,2),(17114,'保德县','2509.12','area',2509,2),(17113,'河曲县','2509.11','area',2509,2),(17112,'岢岚县','2509.10','area',2509,2),(17111,'五寨县','2509.9','area',2510,2),(17110,'神池县','2509.8','area',2510,2),(17109,'静乐县','2509.7','area',2510,2),(17108,'宁武县','2509.6','area',2510,2),(17107,'繁峙县','2509.5','area',2510,2),(17106,'代　县','2509.4','area',2509,2),(17105,'五台县','2509.3','area',2509,2),(17104,'定襄县','2509.2','area',2509,2),(17103,'忻府区','2509.1','area',2509,2),(17102,'忻州市','2509','area',2509,1),(17101,'河津市','2508.13','area',2508,2),(17100,'永济市','2508.12','area',2508,2),(17099,'芮城县','2508.11','area',2508,2),(17098,'平陆县','2508.10','area',2508,2),(17097,'夏　县','2508.9','area',2509,2),(17096,'垣曲县','2508.8','area',2509,2),(17095,'绛　县','2508.7','area',2509,2),(17094,'新绛县','2508.6','area',2509,2),(17093,'稷山县','2508.5','area',2509,2),(17092,'闻喜县','2508.4','area',2508,2),(17091,'万荣县','2508.3','area',2508,2),(17090,'临猗县','2508.2','area',2508,2),(17089,'盐湖区','2508.1','area',2508,2),(17088,'运城市','2508','area',2508,1),(17087,'介休市','2507.11','area',2507,2),(17086,'灵石县','2507.10','area',2507,2),(17085,'平遥县','2507.9','area',2508,2),(17084,'祁　县','2507.8','area',2508,2),(17083,'太谷县','2507.7','area',2508,2),(17082,'寿阳县','2507.6','area',2508,2),(17081,'昔阳县','2507.5','area',2508,2),(17080,'和顺县','2507.4','area',2507,2),(17079,'左权县','2507.3','area',2507,2),(17078,'榆社县','2507.2','area',2507,2),(17077,'榆次区','2507.1','area',2507,2),(17076,'晋中市','2507','area',2507,1),(17075,'怀仁县','2506.6','area',2507,2),(17074,'右玉县','2506.5','area',2507,2),(17073,'应　县','2506.4','area',2506,2),(17072,'山阴县','2506.3','area',2506,2),(17071,'平鲁区','2506.2','area',2506,2),(17070,'朔城区','2506.1','area',2506,2),(17069,'朔州市','2506','area',2506,1),(17068,'高平市','2505.6','area',2506,2),(17067,'泽州县','2505.5','area',2506,2),(17066,'陵川县','2505.4','area',2505,2),(17065,'阳城县','2505.3','area',2505,2),(17064,'沁水县','2505.2','area',2505,2),(17063,'城　区','2505.1','area',2505,2),(17062,'晋城市','2505','area',2505,1),(17061,'潞城市','2504.13','area',2504,2),(17060,'沁源县','2504.12','area',2504,2),(17059,'沁　县','2504.11','area',2504,2),(17058,'武乡县','2504.10','area',2504,2),(17057,'长子县','2504.9','area',2505,2),(17056,'壶关县','2504.8','area',2505,2),(17055,'黎城县','2504.7','area',2505,2),(17054,'平顺县','2504.6','area',2505,2),(17053,'屯留县','2504.5','area',2505,2),(17052,'襄垣县','2504.4','area',2504,2),(17051,'长治县','2504.3','area',2504,2),(17050,'郊　区','2504.2','area',2504,2),(17049,'城　区','2504.1','area',2504,2),(17048,'长治市','2504','area',2504,1),(17047,'盂　县','2503.5','area',2504,2),(17046,'平定县','2503.4','area',2503,2),(17045,'郊　区','2503.3','area',2503,2),(17044,'矿　区','2503.2','area',2503,2),(17043,'城　区','2503.1','area',2503,2),(17042,'阳泉市','2503','area',2503,1),(17041,'南郊区','2502.12','area',2502,2),(17040,'矿　区','2502.11','area',2502,2),(17039,'城　区','2502.10','area',2502,2),(17038,'大同县','2502.9','area',2503,2),(17037,'左云县','2502.8','area',2503,2),(17036,'浑源县','2502.7','area',2503,2),(17035,'灵丘县','2502.6','area',2503,2),(17034,'广灵县','2502.5','area',2503,2),(17033,'天镇县','2502.4','area',2502,2),(17032,'阳高县','2502.3','area',2502,2),(17031,'新荣区','2502.2','area',2502,2),(17030,'南郊区','2502.1','area',2502,2),(17029,'大同市','2502','area',2502,1),(17028,'古交市','2501.10','area',2501,2),(17027,'娄烦县','2501.9','area',2502,2),(17026,'阳曲县','2501.8','area',2502,2),(17025,'清徐县','2501.7','area',2502,2),(17024,'晋源区','2501.6','area',2502,2),(17023,'万柏林区','2501.5','area',2502,2),(17022,'尖草坪区','2501.4','area',2501,2),(17021,'杏花岭区','2501.3','area',2501,2),(17020,'迎泽区','2501.2','area',2501,2),(17019,'小店区','2501.1','area',2501,2),(17018,'太原市','2501','area',2501,1),(17017,'山西省','2500','area',2500,0),(17016,'河间市','2011.16','area',2011,2),(17015,'黄骅市','2011.15','area',2011,2),(17014,'任丘市','2011.14','area',2011,2),(17013,'泊头市','2011.13','area',2011,2),(17012,'孟村回族自治县','2011.12','area',2011,2),(17011,'献　县','2011.11','area',2011,2),(17010,'吴桥县','2011.10','area',2011,2),(17009,'南皮县','2011.9','area',2012,2),(17008,'肃宁县','2011.8','area',2012,2),(17007,'盐山县','2011.7','area',2012,2),(17006,'海兴县','2011.6','area',2012,2),(17005,'东光县','2011.5','area',2012,2),(17004,'青　县','2011.4','area',2011,2),(17003,'沧　县','2011.3','area',2011,2),(17002,'运河区','2011.2','area',2011,2),(17001,'新华区','2011.1','area',2011,2),(17000,'沧州市','2011','area',2011,1),(16999,'深州市','2010.11','area',2010,2),(16998,'冀州市','2010.10','area',2010,2),(16997,'阜城县','2010.9','area',2011,2),(16996,'景　县','2010.8','area',2011,2),(16995,'故城县','2010.7','area',2011,2),(16994,'安平县','2010.6','area',2011,2),(16993,'饶阳县','2010.5','area',2011,2),(16992,'武强县','2010.4','area',2010,2),(16991,'武邑县','2010.3','area',2010,2),(16990,'枣强县','2010.2','area',2010,2),(16989,'桃城区','2010.1','area',2010,2),(16988,'衡水市','2010','area',2010,1),(16987,'三河市','2009.10','area',2009,2),(16986,'霸州市','2009.9','area',2010,2),(16985,'大厂回族自治县','2009.8','area',2010,2),(16984,'文安县','2009.7','area',2010,2),(16983,'大城县','2009.6','area',2010,2),(16982,'香河县','2009.5','area',2010,2),(16981,'永清县','2009.4','area',2009,2),(16980,'固安县','2009.3','area',2009,2),(16979,'广阳区','2009.2','area',2009,2),(16978,'安次区','2009.1','area',2009,2),(16977,'廊坊市','2009','area',2009,1),(16976,' 围场满族蒙古族自治县','2008.11','area',2008,2),(16975,'宽城满族自治','2008.10','area',2008,2),(16974,'丰宁满族自治县','2008.9','area',2009,2),(16973,'隆化县','2008.8','area',2009,2),(16972,'滦平县','2008.7','area',2009,2),(16971,'平泉县','2008.6','area',2009,2),(16970,'兴隆县','2008.5','area',2009,2),(16969,'承德县','2008.4','area',2008,2),(16968,'鹰手营子矿区','2008.3','area',2008,2),(16967,'双滦区','2008.2','area',2008,2),(16966,'双桥区','2008.1','area',2008,2),(16965,'承德市','2008','area',2008,1),(16964,'崇礼县','2007.17','area',2007,2),(16963,'赤城县','2007.16','area',2007,2),(16962,'涿鹿县','2007.15','area',2007,2),(16961,'怀来县','2007.14','area',2007,2),(16960,'万全县','2007.13','area',2007,2),(16959,'怀安县','2007.12','area',2007,2),(16958,'阳原县','2007.11','area',2007,2),(16957,'蔚　县','2007.10','area',2007,2),(16956,'尚义县','2007.9','area',2008,2),(16955,'沽源县','2007.8','area',2008,2),(16954,'康保县','2007.7','area',2008,2),(16953,'张北县','2007.6','area',2008,2),(16952,'宣化县','2007.5','area',2008,2),(16951,'下花园区','2007.4','area',2007,2),(16950,'宣化区','2007.3','area',2007,2),(16949,'桥西区','2007.2','area',2007,2),(16948,'桥东区','2007.1','area',2007,2),(16947,'张家口市','2007','area',2007,1),(16946,'高碑店市','2006.25','area',2006,2),(16945,'安国市','2006.24','area',2006,2),(16944,'定州市','2006.23','area',2006,2),(16943,'涿州市','2006.22','area',2006,2),(16942,'雄　县','2006.21','area',2006,2),(16941,'博野县','2006.20','area',2006,2),(16940,'顺平县','2006.19','area',2006,2),(16939,'蠡　县','2006.18','area',2006,2),(16938,'曲阳县','2006.17','area',2006,2),(16937,'易县','2006.16','area',2006,2),(16936,'安新县','2006.15','area',2006,2),(16935,'望都县','2006.14','area',2006,2),(16934,'涞源县','2006.13','area',2006,2),(16933,'容城县','2006.12','area',2006,2),(16932,'高阳县','2006.11','area',2006,2),(16931,'唐　县','2006.10','area',2006,2),(16930,'定兴县','2006.9','area',2007,2),(16929,'徐水县','2006.8','area',2007,2),(16928,'阜平县','2006.7','area',2007,2),(16927,'涞水县','2006.6','area',2007,2),(16926,'清苑县','2006.5','area',2007,2),(16925,'满城县','2006.4','area',2006,2),(16924,'南市区','2006.3','area',2006,2),(16923,'北市区','2006.2','area',2006,2),(16922,'新市区','2006.1','area',2006,2),(16921,'保定市','2006','area',2006,1),(16920,'沙河市','2005.19','area',2005,2),(16919,'南宫市','2005.18','area',2005,2),(16918,'临西县','2005.17','area',2005,2),(16917,'清河县','2005.16','area',2005,2),(16916,'威　县','2005.15','area',2005,2),(16915,'平乡县','2005.14','area',2005,2),(16914,'广宗县','2005.13','area',2005,2),(16913,'新河县','2005.12','area',2005,2),(16912,'巨鹿县','2005.11','area',2005,2),(16911,'宁晋县','2005.10','area',2005,2),(16910,'南和县','2005.9','area',2006,2),(16909,'任　县','2005.8','area',2006,2),(16908,'隆尧县','2005.7','area',2006,2),(16907,'柏乡县','2005.6','area',2006,2),(16906,'内丘县','2005.5','area',2006,2),(16905,'临城县','2005.4','area',2005,2),(16904,'邢台县','2005.3','area',2005,2),(16903,'桥西区','2005.2','area',2005,2),(16902,'桥东区','2005.1','area',2005,2),(16901,'邢台市','2005','area',2005,1),(16900,'武安市','2004.20','area',2004,2),(16899,'曲周县','2004.19','area',2004,2),(16898,'魏县','2004.18','area',2004,2),(16897,'馆陶县','2004.17','area',2004,2),(16896,'广平县','2004.16','area',2004,2),(16895,'鸡泽县','2004.15','area',2004,2),(16894,'邱　县','2004.14','area',2004,2),(16893,'永年县','2004.13','area',2004,2),(16892,'肥乡县','2004.12','area',2004,2),(16891,'磁　县','2004.11','area',2004,2),(16890,'涉　县','2004.10','area',2004,2),(16889,'大名县','2004.9','area',2005,2),(16888,'成安县','2004.8','area',2005,2),(16887,'临漳县','2004.7','area',2005,2),(16886,'邯郸县','2004.6','area',2005,2),(16885,'峰峰矿区','2004.5','area',2005,2),(16884,'复兴区','2004.4','area',2004,2),(16883,'丛台区','2004.3','area',2004,2),(16882,'邯山区','2004.2','area',2004,2),(16881,'市辖区','2004.1','area',2004,2),(16880,'邯郸市','2004','area',2004,1),(16879,'卢龙县','2003.7','area',2004,2),(16878,'抚宁县','2003.6','area',2004,2),(16877,'昌黎县','2003.5','area',2004,2),(16876,'青龙满族自治县','2003.4','area',2003,2),(16875,'北戴河区','2003.3','area',2003,2),(16874,'山海关区','2003.2','area',2003,2),(16873,'海港区','2003.1','area',2003,2),(16872,'秦皇岛市','2003','area',2003,1),(16871,'迁安市','2002.14','area',2002,2),(16870,'遵化市','2002.13','area',2002,2),(16869,'唐海县','2002.12','area',2002,2),(16868,'玉田县','2002.11','area',2002,2),(16867,'迁西县','2002.10','area',2002,2),(16866,'乐亭县','2002.9','area',2003,2),(16865,'滦南县','2002.8','area',2003,2),(16864,'滦　县','2002.7','area',2003,2),(16863,'丰润区','2002.6','area',2003,2),(16862,'丰南区','2002.5','area',2003,2),(16861,'开平区','2002.4','area',2002,2),(16860,'古冶区','2002.3','area',2002,2),(16859,'路北区','2002.2','area',2002,2),(16858,'路南区','2002.1','area',2002,2),(16857,'唐山市','2002','area',2002,1),(16856,'鹿泉市','2001.23','area',2001,2),(16855,'新乐市','2001.22','area',2001,2),(16854,'晋州市','2001.21','area',2001,2),(16853,'藁城市','2001.20','area',2001,2),(16852,'辛集市','2001.19','area',2001,2),(16851,'赵　县','2001.18','area',2001,2),(16850,'元氏县','2001.17','area',2001,2),(16849,'平山县','2001.16','area',2001,2),(16848,'无极县','2001.15','area',2001,2),(16847,'赞皇县','2001.14','area',2001,2),(16846,'深泽县','2001.13','area',2001,2),(16845,'高邑县','2001.12','area',2001,2),(16844,'灵寿县','2001.11','area',2001,2),(16843,'行唐县','2001.10','area',2001,2),(16842,'栾城县','2001.9','area',2002,2),(16841,'正定县','2001.8','area',2002,2),(16840,'井陉县','2001.7','area',2002,2),(16839,'裕华区','2001.6','area',2002,2),(16838,'井陉矿区','2001.5','area',2002,2),(16837,'新华区','2001.4','area',2001,2),(16836,'桥西区','2001.3','area',2001,2),(16835,'桥东区','2001.2','area',2001,2),(16834,'长安区','2001.1','area',2001,2),(16833,'石家庄市','2001','area',2001,1),(16832,'河北省','2000','area',2000,0),(16831,'蓟　县','1518','area',1518,1),(16830,'静海县','1517','area',1517,1),(16829,'宁河县','1516','area',1516,1),(16828,'宝坻区','1515','area',1515,1),(16827,'武清区','1514','area',1514,1),(16826,'北辰区','1513','area',1513,1),(16825,'津南区','1512','area',1512,1),(16824,'西青区','1511','area',1511,1),(16823,'东丽区','1510','area',1510,1),(16822,'大港区','1509','area',1509,1),(16821,'汉沽区','1508','area',1508,1),(16820,'塘沽区','1507','area',1507,1),(16819,'红桥区','1506','area',1506,1),(16818,'河北区','1505','area',1505,1),(16817,'南开区','1504','area',1504,1),(16816,'河西区','1503','area',1503,1),(16815,'河东区','1502','area',1502,1),(16814,'和平区','1501','area',1501,1),(16813,'天津市','1500','area',1500,0),(16812,'延庆县','1018','area',1018,1),(16811,'密云县','1017','area',1017,1),(16810,'平谷区','1016','area',1016,1),(16809,'怀柔区','1015','area',1015,1),(16808,'大兴区','1014','area',1014,1),(16807,'昌平区','1013','area',1013,1),(16806,'顺义区','1012','area',1012,1),(16805,'通州区','1011','area',1011,1),(16804,'房山区','1010','area',1010,1),(16803,'门头沟区','1009','area',1009,1),(16802,'海淀区','1008','area',1008,1),(16801,'石景山区','1007','area',1007,1),(16800,'丰台区','1006','area',1006,1),(16799,'朝阳区','1005','area',1005,1),(16798,'宣武区','1004','area',1004,1),(16797,'崇文区','1003','area',1003,1),(16796,'西城区','1002','area',1002,1),(16795,'东城区','1001','area',1001,1),(16794,'北京市','1000','area',1000,0),(1,'白羊座','1','astro',1,0),(2,'金牛座','2','astro',2,0),(3,'双子座','3','astro',3,0),(4,'巨蟹座','4','astro',4,0),(5,'狮子座','5','astro',5,0),(6,'处女座','6','astro',6,0),(7,'天枰座','7','astro',7,0),(8,'天蝎座','8','astro',8,0),(9,'射手座','9','astro',9,0),(10,'摩羯座','10','astro',10,0),(11,'水瓶座','11','astro',11,0),(12,'双鱼座','12','astro',12,0),(13,'A型','1','bloodtype',1,0),(14,'B型','2','bloodtype',2,0),(15,'O型','3','bloodtype',3,0),(16,'AB型','4','bloodtype',4,0),(17,'其他','5','bloodtype',5,0),(18,'身份证','1','cardtype',1,0),(19,'护照','2','cardtype',2,0),(20,'驾驶证','3','cardtype',3,0),(21,'无安全提问','0','question',1,0),(22,'母亲的名字','1','question',2,0),(23,'爷爷的名字','2','question',3,0),(24,'父亲出生的城市','3','question',4,0),(25,'你其中一位老师的名字','4','question',5,0),(26,'你个人计算机的型号','5','question',6,0),(27,'你最喜欢的餐馆名称','6','question',7,0),(28,'驾驶执照最后四位数字','7','question',8,0),(29,'IT信息技术','1','trade',1,0),(30,'金融','2','trade',2,0),(31,'互联网','3','trade',3,0),(32,'广告传媒','4','trade',4,0),(33,'贸易零售','5','trade',5,0),(34,'交通物流','6','trade',6,0),(35,'房地产','7','trade',7,0),(36,'旅游餐饮','8','trade',8,0),(37,'加工制造业','9','trade',9,0),(38,'石化采掘','10','trade',10,0),(39,'农林牧渔','11','trade',11,0),(40,'社会服务','12','trade',12,0),(41,'医药生物','13','trade',13,0),(42,'教育培训科研','14','trade',14,0);
/*!40000 ALTER TABLE `pmw_cascadedata` ENABLE KEYS */;
UNLOCK TABLES;

--
-- Table structure for table `pmw_diyfield`
--

DROP TABLE IF EXISTS `pmw_diyfield`;
/*!40101 SET @saved_cs_client     = @@character_set_client */;
/*!40101 SET character_set_client = utf8 */;
CREATE TABLE `pmw_diyfield` (
  `id` smallint(6) unsigned NOT NULL AUTO_INCREMENT COMMENT '自定义字段id',
  `infotype` tinyint(1) unsigned NOT NULL COMMENT '所属模型',
  `catepriv` varchar(255) NOT NULL COMMENT '所属栏目',
  `fieldname` varchar(30) NOT NULL COMMENT '字段名称',
  `fieldtitle` varchar(30) NOT NULL COMMENT '字段标题',
  `fielddesc` varchar(255) NOT NULL COMMENT '字段提示',
  `fieldtype` varchar(30) NOT NULL COMMENT '字段类型',
  `fieldlong` varchar(10) NOT NULL COMMENT '字段长度',
  `fieldsel` varchar(255) NOT NULL COMMENT '字段选项值',
  `fieldcheck` varchar(80) NOT NULL COMMENT '校验正则',
  `fieldcback` varchar(30) NOT NULL COMMENT '未通过提示',
  `orderid` smallint(6) NOT NULL COMMENT '排列排序',
  `checkinfo` enum('true','false') NOT NULL COMMENT '审核状态',
  PRIMARY KEY (`id`)
) ENGINE=MyISAM DEFAULT CHARSET=utf8;
/*!40101 SET character_set_client = @saved_cs_client */;

--
-- Dumping data for table `pmw_diyfield`
--

LOCK TABLES `pmw_diyfield` WRITE;
/*!40000 ALTER TABLE `pmw_diyfield` DISABLE KEYS */;
/*!40000 ALTER TABLE `pmw_diyfield` ENABLE KEYS */;
UNLOCK TABLES;

--
-- Table structure for table `pmw_diymenu`
--

DROP TABLE IF EXISTS `pmw_diymenu`;
/*!40101 SET @saved_cs_client     = @@character_set_client */;
/*!40101 SET character_set_client = utf8 */;
CREATE TABLE `pmw_diymenu` (
  `id` smallint(5) unsigned NOT NULL AUTO_INCREMENT COMMENT '自定义菜单id',
  `siteid` smallint(5) unsigned NOT NULL DEFAULT '1' COMMENT '站点id',
  `parentid` smallint(5) unsigned NOT NULL COMMENT '所属菜单id',
  `classname` varchar(30) NOT NULL COMMENT '菜单项名称',
  `linkurl` varchar(255) NOT NULL COMMENT '跳转链接',
  `orderid` smallint(5) unsigned NOT NULL COMMENT '排列排序',
  `checkinfo` enum('true','false') NOT NULL COMMENT '审核状态',
  PRIMARY KEY (`id`)
) ENGINE=MyISAM DEFAULT CHARSET=utf8;
/*!40101 SET character_set_client = @saved_cs_client */;

--
-- Dumping data for table `pmw_diymenu`
--

LOCK TABLES `pmw_diymenu` WRITE;
/*!40000 ALTER TABLE `pmw_diymenu` DISABLE KEYS */;
/*!40000 ALTER TABLE `pmw_diymenu` ENABLE KEYS */;
UNLOCK TABLES;

--
-- Table structure for table `pmw_diymodel`
--

DROP TABLE IF EXISTS `pmw_diymodel`;
/*!40101 SET @saved_cs_client     = @@character_set_client */;
/*!40101 SET character_set_client = utf8 */;
CREATE TABLE `pmw_diymodel` (
  `id` smallint(6) unsigned NOT NULL AUTO_INCREMENT COMMENT '自定义模型id',
  `modeltitle` varchar(30) NOT NULL COMMENT '模型标题',
  `modelname` varchar(30) NOT NULL COMMENT '模型名称',
  `modeltbname` varchar(30) NOT NULL COMMENT '模型表名',
  `defaultfield` varchar(80) NOT NULL COMMENT '预设栏目',
  `orderid` smallint(6) NOT NULL COMMENT '排列排序',
  `checkinfo` enum('true','false') NOT NULL COMMENT '审核状态',
  PRIMARY KEY (`id`)
) ENGINE=MyISAM AUTO_INCREMENT=10 DEFAULT CHARSET=utf8;
/*!40101 SET character_set_client = @saved_cs_client */;

--
-- Dumping data for table `pmw_diymodel`
--

LOCK TABLES `pmw_diymodel` WRITE;
/*!40000 ALTER TABLE `pmw_diymodel` DISABLE KEYS */;
/*!40000 ALTER TABLE `pmw_diymodel` ENABLE KEYS */;
UNLOCK TABLES;

--
-- Table structure for table `pmw_failedlogin`
--

DROP TABLE IF EXISTS `pmw_failedlogin`;
/*!40101 SET @saved_cs_client     = @@character_set_client */;
/*!40101 SET character_set_client = utf8 */;
CREATE TABLE `pmw_failedlogin` (
  `username` char(30) NOT NULL COMMENT '用户名',
  `ip` char(15) NOT NULL COMMENT '登录IP',
  `time` int(10) unsigned NOT NULL COMMENT '登录时间',
  `num` tinyint(1) NOT NULL COMMENT '失败次数',
  `isadmin` tinyint(1) NOT NULL COMMENT '是否是管理员',
  PRIMARY KEY (`username`)
) ENGINE=MyISAM DEFAULT CHARSET=utf8;
/*!40101 SET character_set_client = @saved_cs_client */;

--
-- Dumping data for table `pmw_failedlogin`
--

LOCK TABLES `pmw_failedlogin` WRITE;
/*!40000 ALTER TABLE `pmw_failedlogin` DISABLE KEYS */;
/*!40000 ALTER TABLE `pmw_failedlogin` ENABLE KEYS */;
UNLOCK TABLES;

--
-- Table structure for table `pmw_fragment`
--

DROP TABLE IF EXISTS `pmw_fragment`;
/*!40101 SET @saved_cs_client     = @@character_set_client */;
/*!40101 SET character_set_client = utf8 */;
CREATE TABLE `pmw_fragment` (
  `id` smallint(5) unsigned NOT NULL AUTO_INCREMENT COMMENT '碎片数据id',
  `title` varchar(30) NOT NULL COMMENT '碎片数据名称',
  `picurl` varchar(80) NOT NULL COMMENT '碎片数据缩略图',
  `linkurl` varchar(80) NOT NULL COMMENT '碎片数据连接',
  `content` mediumtext NOT NULL COMMENT '碎片数据内容',
  `posttime` int(10) unsigned NOT NULL COMMENT '更新时间',
  PRIMARY KEY (`id`)
) ENGINE=MyISAM DEFAULT CHARSET=utf8;
/*!40101 SET character_set_client = @saved_cs_client */;

--
-- Dumping data for table `pmw_fragment`
--

LOCK TABLES `pmw_fragment` WRITE;
/*!40000 ALTER TABLE `pmw_fragment` DISABLE KEYS */;
/*!40000 ALTER TABLE `pmw_fragment` ENABLE KEYS */;
UNLOCK TABLES;

--
-- Table structure for table `pmw_getmode`
--

DROP TABLE IF EXISTS `pmw_getmode`;
/*!40101 SET @saved_cs_client     = @@character_set_client */;
/*!40101 SET character_set_client = utf8 */;
CREATE TABLE `pmw_getmode` (
  `id` smallint(5) unsigned NOT NULL AUTO_INCREMENT COMMENT '货到方式id',
  `classname` varchar(30) NOT NULL COMMENT '货到方式名称',
  `orderid` smallint(5) unsigned NOT NULL COMMENT '排列排序',
  `checkinfo` enum('true','false') NOT NULL COMMENT '审核状态',
  PRIMARY KEY (`id`)
) ENGINE=MyISAM AUTO_INCREMENT=3 DEFAULT CHARSET=utf8;
/*!40101 SET character_set_client = @saved_cs_client */;

--
-- Dumping data for table `pmw_getmode`
--

LOCK TABLES `pmw_getmode` WRITE;
/*!40000 ALTER TABLE `pmw_getmode` DISABLE KEYS */;
INSERT INTO `pmw_getmode` VALUES (1,'送货上门',1,'true'),(2,'用户自取',2,'true');
/*!40000 ALTER TABLE `pmw_getmode` ENABLE KEYS */;
UNLOCK TABLES;

--
-- Table structure for table `pmw_goods`
--

DROP TABLE IF EXISTS `pmw_goods`;
/*!40101 SET @saved_cs_client     = @@character_set_client */;
/*!40101 SET character_set_client = utf8 */;
CREATE TABLE `pmw_goods` (
  `id` int(10) unsigned NOT NULL AUTO_INCREMENT COMMENT '商品id',
  `classid` smallint(5) unsigned NOT NULL COMMENT '所属栏目',
  `parentid` smallint(5) unsigned NOT NULL COMMENT '所属栏目父id',
  `parentstr` varchar(80) NOT NULL COMMENT '所属栏目父id字符串',
  `typeid` smallint(5) unsigned NOT NULL COMMENT '商品分类',
  `typepid` smallint(5) unsigned NOT NULL COMMENT '商品分类父id',
  `typepstr` varchar(80) NOT NULL COMMENT '商品分类父id字符串',
  `brandid` smallint(5) NOT NULL COMMENT '商品品牌id',
  `brandpid` smallint(5) NOT NULL COMMENT '品牌上级id',
  `brandpstr` varchar(80) NOT NULL COMMENT '品牌上级id字符串',
  `title` varchar(80) NOT NULL COMMENT '商品名称',
  `colorval` char(10) NOT NULL COMMENT '标题颜色',
  `boldval` char(10) NOT NULL COMMENT '标题加粗',
  `flag` varchar(30) NOT NULL COMMENT '属性',
  `goodsid` varchar(30) NOT NULL COMMENT '货号',
  `payfreight` enum('0','1') NOT NULL COMMENT '运费承担',
  `weight` varchar(10) NOT NULL COMMENT '重量',
  `attrstr` text NOT NULL COMMENT '属性字符串',
  `marketprice` char(10) NOT NULL COMMENT '市场价格',
  `salesprice` char(10) NOT NULL COMMENT '销售价格',
  `housenum` smallint(5) unsigned NOT NULL COMMENT '库存数量',
  `housewarn` enum('true','false') NOT NULL COMMENT '库存警告',
  `warnnum` smallint(5) unsigned NOT NULL COMMENT '警告数量',
  `integral` char(10) NOT NULL COMMENT '积分点数',
  `source` varchar(50) NOT NULL COMMENT '文章来源',
  `author` varchar(50) NOT NULL COMMENT '作者编辑',
  `linkurl` varchar(255) NOT NULL COMMENT '跳转链接',
  `keywords` varchar(30) NOT NULL COMMENT '关键词',
  `description` varchar(255) NOT NULL COMMENT '摘要',
  `content` mediumtext NOT NULL COMMENT '详细内容',
  `picurl` varchar(100) NOT NULL COMMENT '缩略图片',
  `picarr` text NOT NULL COMMENT '组图',
  `hits` int(10) unsigned NOT NULL COMMENT '点击次数',
  `orderid` int(10) unsigned NOT NULL COMMENT '排列排序',
  `posttime` int(10) unsigned NOT NULL COMMENT '更新时间',
  `checkinfo` enum('true','false') NOT NULL COMMENT '审核状态',
  `delstate` set('true') NOT NULL COMMENT '删除状态',
  `deltime` int(10) NOT NULL COMMENT '删除时间',
  PRIMARY KEY (`id`)
) ENGINE=MyISAM AUTO_INCREMENT=2 DEFAULT CHARSET=utf8;
/*!40101 SET character_set_client = @saved_cs_client */;

--
-- Dumping data for table `pmw_goods`
--

LOCK TABLES `pmw_goods` WRITE;
/*!40000 ALTER TABLE `pmw_goods` DISABLE KEYS */;
INSERT INTO `pmw_goods` VALUES (1,12,0,'0,',10,1,'0,1,',-1,-1,'','苹果（APPLE）iPhone 5 16G版 3G手机（黑色）WCDMA/GSM 0元购机','','','','800292','0','0.350','array(\"1\"=>\"黑色|白色\",\"2\"=>\"WCDMA|GSM\");','5899.00','5499.00',100,'true',20,'0','','admin','','APPLEiPhone 5,苹果iPhone 5,苹果iPh','【苹果iPhone 5】null 360BUY京东商城(360BUY.COM)提供苹果iPhone 5正品行货，全国价格最低，并包括APPLEiPhone 5手机网购指南，以及苹果iPhone 5图片、iPhone 5参数、iPhone 5评论、iPhone 5心得、iPhone 5技巧等信息，网购苹果iPhone 5手机上京东,放心又轻松','<p>\r\n	北京时间2012年9月13日凌晨1点（美国时间9月12日上午10点），苹果公司在美国旧金山芳草地艺术中心举行新品发布会。发布会发布了旗下的第六款手机iPhone5。此外，苹果还在大会上更推出最新款的音乐播放器iPod Touch 5、iPod nano 7和之前曝光过的新款耳机“EarPods”。\r\n</p>\r\n<p>\r\n	<br />\r\n</p>\r\n<p>\r\n	<strong>iPhone 5</strong> 配备了4英寸1136×640分辨率的屏幕，全新的机身设计，800万像素摄像头，A6处理器和iOS 6。在存储空间方面，iPhone5将包含16GB、32GB、64GB三种版本，两年合约的售价分别为649美元、749美元、849美元。　iPhone价格信息：N42A-美国-199美元、N42B-美国-199美元、N42A-美国-299美元、N42B-美国-299美元、iphone 5，N42A-美国-399美元和N42B-美国-399美元。A和B分别代表黑色和白色。\r\n</p>\r\n<p>\r\n	<br />\r\n</p>\r\n<p>\r\n	<strong>iPhone 5</strong>与上一代产品iPhone4S相比，iPhone5是更轻薄，屏幕尺寸更大，它的厚度是7.6毫米，比前一代是薄了18%，重量为112克，比4S轻了20%，采用速度更快的A6处理器，整体外观也拉长。iPhone5屏幕的尺寸扩大到4英寸，屏幕的比例是16：9，应用软件的图标比之前前一代增加了一行，而处理器方面iPhone5采用的是苹果自家研发的A6处理器（内含两个CPU核心和三个图形核心），性能是A5处理器的两倍，得益于更先进的制程，处理器的核心面积缩小了22%，在大幅提升了性能的同时很好地控制了功耗和发热，iPhone5支持LTE网络,不支持NFC近场芯片。Siri也有升级，支持中文和拓展功能。iPhone 5的网速峰值速率可达到iPhone 4S的7倍。\r\n</p>','templates/default/images/imgdata/iphone5_01.jpg','a:5:{i:0;s:48:\"templates/default/images/imgdata/iphone5_01.jpg,\";i:1;s:48:\"templates/default/images/imgdata/iphone5_02.jpg,\";i:2;s:48:\"templates/default/images/imgdata/iphone5_03.jpg,\";i:3;s:48:\"templates/default/images/imgdata/iphone5_04.jpg,\";i:4;s:48:\"templates/default/images/imgdata/iphone5_05.jpg,\";}',327,1,1357786470,'true','',0);
/*!40000 ALTER TABLE `pmw_goods` ENABLE KEYS */;
UNLOCK TABLES;

--
-- Table structure for table `pmw_goodsattr`
--

DROP TABLE IF EXISTS `pmw_goodsattr`;
/*!40101 SET @saved_cs_client     = @@character_set_client */;
/*!40101 SET character_set_client = utf8 */;
CREATE TABLE `pmw_goodsattr` (
  `id` mediumint(8) unsigned NOT NULL AUTO_INCREMENT COMMENT '商品属性id',
  `goodsid` smallint(5) unsigned NOT NULL COMMENT '所属分类',
  `attrname` varchar(30) NOT NULL COMMENT '属性名称',
  `orderid` mediumint(8) unsigned NOT NULL COMMENT '排列排序',
  `checkinfo` enum('true','false') NOT NULL COMMENT '审核状态',
  PRIMARY KEY (`id`)
) ENGINE=MyISAM AUTO_INCREMENT=3 DEFAULT CHARSET=utf8;
/*!40101 SET character_set_client = @saved_cs_client */;

--
-- Dumping data for table `pmw_goodsattr`
--

LOCK TABLES `pmw_goodsattr` WRITE;
/*!40000 ALTER TABLE `pmw_goodsattr` DISABLE KEYS */;
INSERT INTO `pmw_goodsattr` VALUES (1,10,'颜色',1,'true'),(2,10,'型号',2,'true');
/*!40000 ALTER TABLE `pmw_goodsattr` ENABLE KEYS */;
UNLOCK TABLES;

--
-- Table structure for table `pmw_goodsbrand`
--

DROP TABLE IF EXISTS `pmw_goodsbrand`;
/*!40101 SET @saved_cs_client     = @@character_set_client */;
/*!40101 SET character_set_client = utf8 */;
CREATE TABLE `pmw_goodsbrand` (
  `id` mediumint(8) unsigned NOT NULL AUTO_INCREMENT COMMENT '商品品牌id',
  `parentid` mediumint(8) unsigned NOT NULL COMMENT '品牌上级id',
  `parentstr` varchar(50) NOT NULL COMMENT '品牌上级id字符串',
  `classname` varchar(30) NOT NULL COMMENT '品牌名称',
  `picurl` varchar(100) NOT NULL COMMENT '缩略图片',
  `linkurl` varchar(255) NOT NULL COMMENT '跳转链接',
  `orderid` mediumint(10) unsigned NOT NULL COMMENT '排列排序',
  `checkinfo` enum('true','false') NOT NULL COMMENT '审核状态',
  PRIMARY KEY (`id`)
) ENGINE=MyISAM DEFAULT CHARSET=utf8;
/*!40101 SET character_set_client = @saved_cs_client */;

--
-- Dumping data for table `pmw_goodsbrand`
--

LOCK TABLES `pmw_goodsbrand` WRITE;
/*!40000 ALTER TABLE `pmw_goodsbrand` DISABLE KEYS */;
/*!40000 ALTER TABLE `pmw_goodsbrand` ENABLE KEYS */;
UNLOCK TABLES;

--
-- Table structure for table `pmw_goodsflag`
--

DROP TABLE IF EXISTS `pmw_goodsflag`;
/*!40101 SET @saved_cs_client     = @@character_set_client */;
/*!40101 SET character_set_client = utf8 */;
CREATE TABLE `pmw_goodsflag` (
  `id` smallint(5) unsigned NOT NULL AUTO_INCREMENT COMMENT '商品标记id',
  `flag` varchar(30) NOT NULL COMMENT '标记名称',
  `flagname` varchar(30) NOT NULL COMMENT '标记标识',
  `orderid` smallint(5) unsigned NOT NULL COMMENT '排列排序',
  PRIMARY KEY (`id`)
) ENGINE=MyISAM AUTO_INCREMENT=6 DEFAULT CHARSET=utf8;
/*!40101 SET character_set_client = @saved_cs_client */;

--
-- Dumping data for table `pmw_goodsflag`
--

LOCK TABLES `pmw_goodsflag` WRITE;
/*!40000 ALTER TABLE `pmw_goodsflag` DISABLE KEYS */;
INSERT INTO `pmw_goodsflag` VALUES (1,'c','推荐',1),(2,'f','幻灯',2),(3,'a','特推',3),(4,'t','特价',4),(5,'h','热卖',5);
/*!40000 ALTER TABLE `pmw_goodsflag` ENABLE KEYS */;
UNLOCK TABLES;

--
-- Table structure for table `pmw_goodsorder`
--

DROP TABLE IF EXISTS `pmw_goodsorder`;
/*!40101 SET @saved_cs_client     = @@character_set_client */;
/*!40101 SET character_set_client = utf8 */;
CREATE TABLE `pmw_goodsorder` (
  `id` mediumint(8) unsigned NOT NULL AUTO_INCREMENT COMMENT '商品订单id',
  `username` varchar(30) NOT NULL COMMENT '会员用户名',
  `attrstr` text NOT NULL COMMENT '商品列表',
  `truename` varchar(30) NOT NULL COMMENT '收货人姓名',
  `telephone` varchar(30) NOT NULL COMMENT '电话',
  `idcard` varchar(30) NOT NULL COMMENT '证件号码',
  `zipcode` varchar(30) NOT NULL COMMENT '邮编',
  `postarea_prov` varchar(10) NOT NULL COMMENT '配送地区_省',
  `postarea_city` varchar(10) NOT NULL COMMENT '配送地区_市',
  `postarea_country` varchar(10) NOT NULL COMMENT '配送地区_县',
  `address` varchar(80) NOT NULL COMMENT '地址',
  `postmode` smallint(5) NOT NULL COMMENT '配送方式',
  `paymode` smallint(5) NOT NULL COMMENT '支付方式',
  `getmode` smallint(5) NOT NULL COMMENT '货到方式',
  `ordernum` varchar(30) NOT NULL COMMENT '订单号',
  `postid` varchar(30) NOT NULL COMMENT '运单号',
  `weight` varchar(10) NOT NULL COMMENT '物品重量',
  `cost` varchar(10) NOT NULL COMMENT '商品运费',
  `amount` varchar(10) NOT NULL COMMENT '订单金额',
  `integral` smallint(5) unsigned NOT NULL COMMENT '积分点数',
  `buyremark` text NOT NULL COMMENT '购物备注',
  `sendremark` text NOT NULL COMMENT '发货方备注',
  `posttime` int(10) unsigned NOT NULL COMMENT '订单时间',
  `orderid` mediumint(10) unsigned NOT NULL COMMENT '排列排序',
  `checkinfo` varchar(255) NOT NULL COMMENT '审核状态',
  `core` set('true') NOT NULL COMMENT '是否加星',
  `delstate` set('true') NOT NULL COMMENT '删除状态',
  `deltime` int(10) unsigned NOT NULL COMMENT '删除时间',
  PRIMARY KEY (`id`)
) ENGINE=MyISAM DEFAULT CHARSET=utf8;
/*!40101 SET character_set_client = @saved_cs_client */;

--
-- Dumping data for table `pmw_goodsorder`
--

LOCK TABLES `pmw_goodsorder` WRITE;
/*!40000 ALTER TABLE `pmw_goodsorder` DISABLE KEYS */;
/*!40000 ALTER TABLE `pmw_goodsorder` ENABLE KEYS */;
UNLOCK TABLES;

--
-- Table structure for table `pmw_goodstype`
--

DROP TABLE IF EXISTS `pmw_goodstype`;
/*!40101 SET @saved_cs_client     = @@character_set_client */;
/*!40101 SET character_set_client = utf8 */;
CREATE TABLE `pmw_goodstype` (
  `id` mediumint(8) unsigned NOT NULL AUTO_INCREMENT COMMENT '商品类型id',
  `parentid` mediumint(8) unsigned NOT NULL COMMENT '类型上级id',
  `parentstr` varchar(50) NOT NULL COMMENT '类型上级id字符串',
  `classname` varchar(30) NOT NULL COMMENT '类别名称',
  `picurl` varchar(255) DEFAULT NULL COMMENT '缩略图片',
  `linkurl` varchar(255) DEFAULT NULL COMMENT '跳转链接',
  `orderid` mediumint(8) unsigned NOT NULL COMMENT '排列顺序',
  `checkinfo` enum('true','false') NOT NULL COMMENT '隐藏类别',
  PRIMARY KEY (`id`)
) ENGINE=MyISAM AUTO_INCREMENT=28 DEFAULT CHARSET=utf8;
/*!40101 SET character_set_client = @saved_cs_client */;

--
-- Dumping data for table `pmw_goodstype`
--

LOCK TABLES `pmw_goodstype` WRITE;
/*!40000 ALTER TABLE `pmw_goodstype` DISABLE KEYS */;
INSERT INTO `pmw_goodstype` VALUES (1,0,'0,','手机通讯','','',1,'true'),(2,0,'0,','电脑笔记本','','',2,'true'),(3,0,'0,','相机 摄相机','','',3,'true'),(4,0,'0,','随身视听','','',4,'true'),(5,0,'0,','电脑外设','','',5,'true'),(6,0,'0,','DIY装机','','',6,'true'),(7,0,'0,','办公用品','','',7,'true'),(8,1,'0,1,','通讯产品','','',8,'true'),(9,1,'0,1,','手机配件','','',9,'true'),(10,1,'0,1,','手机','','',10,'true'),(11,2,'0,2,','电脑整机','','',11,'true'),(12,2,'0,2,','笔记本','','',12,'true'),(13,2,'0,2,','电脑配件','','',13,'true'),(14,3,'0,3,','相机配件','','',14,'true'),(15,3,'0,3,','数码摄相机','','',15,'true'),(16,3,'0,3,','数码相机','','',16,'true'),(17,4,'0,4,','电子阅读','','',17,'true'),(18,4,'0,4,','MID','','',18,'true'),(19,4,'0,4,','MP3|MP4','','',19,'true'),(20,5,'0,5,','移动硬盘','','',20,'true'),(21,5,'0,5,','键盘','','',21,'true'),(22,5,'0,5,','鼠标','','',22,'true'),(23,6,'0,6,','扩展配件','','',23,'true'),(24,6,'0,6,','装机配件','','',24,'true'),(25,6,'0,6,','显示器','','',25,'true'),(26,7,'0,7,','投影显示','','',26,'true'),(27,7,'0,7,','办公打印','','',27,'true');
/*!40000 ALTER TABLE `pmw_goodstype` ENABLE KEYS */;
UNLOCK TABLES;

--
-- Table structure for table `pmw_info`
--

DROP TABLE IF EXISTS `pmw_info`;
/*!40101 SET @saved_cs_client     = @@character_set_client */;
/*!40101 SET character_set_client = utf8 */;
CREATE TABLE `pmw_info` (
  `id` smallint(5) unsigned NOT NULL AUTO_INCREMENT COMMENT '单页id',
  `classid` smallint(5) unsigned NOT NULL COMMENT '所属栏目id',
  `mainid` smallint(5) NOT NULL COMMENT '二级类别id',
  `picurl` varchar(100) NOT NULL COMMENT '缩略图片',
  `content` mediumtext NOT NULL COMMENT '内容',
  `posttime` int(10) unsigned NOT NULL COMMENT '更新时间',
  PRIMARY KEY (`id`)
) ENGINE=MyISAM AUTO_INCREMENT=6 DEFAULT CHARSET=utf8;
/*!40101 SET character_set_client = @saved_cs_client */;

--
-- Dumping data for table `pmw_info`
--

LOCK TABLES `pmw_info` WRITE;
/*!40000 ALTER TABLE `pmw_info` DISABLE KEYS */;
INSERT INTO `pmw_info` VALUES (1,1,-1,'','测试信息来自互联网，若涉及侵权，请联系我们删除！',1326769494),(2,2,-1,'','<p style=\"text-indent:2em;\">\r\n	百度，全球最大的中文搜索引擎、最大的中文网站。2000年1月创立于北京中关村。\r\n</p>\r\n<br />\r\n<p style=\"text-indent:2em;\">\r\n	1999年底，身在美国硅谷的李彦宏看到了中国互联网及中文搜索引擎服务的巨大发展潜力，抱着技术改变世界的梦想，他毅然辞掉硅谷的高薪工作，携搜索引擎专利技术，于2000年1月1日在中关村创建了百度公司。从最初的不足10人发展至今，员工人数超过12000人。如今的百度，已成为中国最受欢迎、影响力最大的中文网站。\r\n</p>\r\n<br />\r\n<p style=\"text-indent:2em;\">\r\n	百度拥有数千名研发工程师，这是中国乃至全球最为优秀的技术团队，这支队伍掌握着世界上最为先进的搜索引擎技术，使百度成为中国掌握世界尖端科学核心技术的中国高科技企业，也使中国成为美国、俄罗斯、和韩国之外，全球仅有的4个拥有搜索引擎核心技术的国家之一。\r\n</p>\r\n<br />\r\n<p style=\"text-indent:2em;\">\r\n	从创立之初，百度便将“让人们最便捷地获取信息，找到所求”作为自己的使命，成立以来，公司秉承“以用户为导向”的理念，不断坚持技术创新，致力于为用户提供“简单，可依赖”的互联网搜索产品及服务，其中包括：以网络搜索为主的功能性搜索，以贴吧为主的社区搜索，针对各区域、行业所需的垂直搜索，Mp3搜索，以及门户频道、IM等，全面覆盖了中文网络世界所有的搜索需求，根据第三方权威数据，百度在中国的搜索份额接近80%。\r\n</p>\r\n<br />\r\n<p style=\"text-indent:2em;\">\r\n	在面对用户的搜索产品不断丰富的同时，百度还创新性地推出了基于搜索的营销推广服务，并成为最受企业青睐的互联网营销推广平台。目前，中国已有数十万家企业使用了百度的搜索推广服务，不断提升着企业自身的品牌及运营效率。通过持续的商业模式创新，百度正进一步带动整个互联网行业和中小企业的经济增长，推动社会经济的发展和转型。\r\n</p>\r\n<br />\r\n<p style=\"text-indent:2em;\">\r\n	为推动中国数百万中小网站的发展，百度借助超大流量的平台优势，联合所有优质的各类网站，建立了世界上最大的网络联盟，使各类企业的搜索推广、品牌营销的价值、覆盖面均大面积提升。与此同时，各网站也在联盟大家庭的互助下，获得最大的生存与发展机会。\r\n</p>\r\n<hr style=\"page-break-after:always;\" class=\"ke-pagebreak\" />\r\n<p style=\"text-indent:2em;\">\r\n	作为国内的一家知名企业，百度也一直秉承“弥合信息鸿沟，共享知识社会”的责任理念，坚持履行企业公民的社会责任。成立来，百度利用自身优势积极投身公益事业，先后投入巨大资源，为盲人、少儿、老年人群体打造专门的搜索产品，解决了特殊群体上网难问题,极大地弥补了社会信息鸿沟问题。此外，在加速推动中国信息化进程、净化网络环境、搜索引擎教育及提升大学生就业率等方面，百度也一直走在行业领先的地位。2011年初，百度还特别成立了百度基金会，围绕知识教育、环境保护、灾难救助等领域，更加系统规范地管理和践行公益事业。\r\n</p>\r\n<br />\r\n<p style=\"text-indent:2em;\">\r\n	2005年，百度在美国纳斯达克上市，一举打破首日涨幅最高等多项纪录，并成为首家进入纳斯达克成分股的中国公司。通过数年来的市场表现，百度优异的业绩与值得依赖的回报，使之成为中国企业价值的代表，傲然屹立于全球资本市场。\r\n</p>\r\n<br />\r\n<p style=\"text-indent:2em;\">\r\n	2009年，百度更是推出全新的框计算技术概念，并基于此理念推出百度开放平台，帮助更多优秀的第三方开发者利用互联网平台自主创新、自主创业，在大幅提升网民互联网使用体验的同时，带动起围绕用户需求进行研发的产业创新热潮，对中国互联网产业的升级和发展产生巨大的拉动效应。\r\n</p>\r\n<br />\r\n<p style=\"text-indent:2em;\">\r\n	今天，百度已经成为中国最具价值的品牌之一，英国《金融时报》将百度列为“中国十大世界级品牌”，成为这个榜单中最年轻的一家公司，也是唯一一家互联网公司。而“亚洲最受尊敬企业”、“全球最具创新力企业”、“中国互联网力量之星”等一系列荣誉称号的获得，也无一不向外界展示着百度成立数年来的成就。\r\n</p>\r\n<br />\r\n<p style=\"text-indent:2em;\">\r\n	多年来，百度董事长兼CEO李彦宏，率领百度人所形成的“简单可依赖”的核心文化，深深地植根于百度。这是一个充满朝气、求实坦诚的公司，以搜索改变生活，推动人类的文明与进步，促进中国经济的发展为己任，正朝着更为远大的目标而迈进。\r\n</p>',1326769513),(3,3,-1,'templates/default/images/aboutus_img.png','百度，全球最大的中文搜索引擎最大的中文网站。二零零零年一月创立于北京中关村。从最初的不足十人人发展至今，员工人数超过一万两千人。如今的百度，已成为中国最受欢迎、影响力最大的中文网站。百度拥有数千名研发工程师，这是中国乃至全球最为优秀的技术团队，这支队伍掌握着世界上最为先进的搜索引擎技术，使百度成为中国掌握世界尖端科学核心技术的中国高科技企业，也使中国成为美国、俄罗斯、和韩国之外，全球仅有的4个拥有搜索引擎核心技术的国家之一。',1326769523),(4,9,-1,'','<table width=\"100%\" border=\"0\" cellspacing=\"0\" cellpadding=\"0\" class=\"ke-zeroborder\">\r\n	<tbody>\r\n		<tr>\r\n			<td width=\"30%\" valign=\"top\">\r\n				<strong> <span style=\"color:#333333;\">百度大厦：</span></strong><br />\r\n地　址：北京市海淀区上地十街10号<br />\r\n邮　编：100085<br />\r\n			</td>\r\n			<td valign=\"top\">\r\n				<br />\r\nAddress:    Baidu Campus, No.10, Shangdi 10th Street Haidian District, Beijing, China<br />\r\nPost Code:&nbsp;100085\r\n			</td>\r\n		</tr>\r\n	</tbody>\r\n</table>\r\n<br />\r\n<table width=\"100%\" border=\"0\" cellspacing=\"0\" cellpadding=\"0\" class=\"ke-zeroborder\">\r\n	<tbody>\r\n		<tr>\r\n			<td width=\"30%\" valign=\"top\">\r\n				总　机：(+86 10) 5992 8888<br />\r\n传　真：(+86 10) 5992 0000<br />\r\n			</td>\r\n			<td valign=\"top\">\r\n				Tel:&nbsp;(+86 10) 5992 8888<br />\r\nFAX:&nbsp;(+86 10) 5992 0000\r\n			</td>\r\n		</tr>\r\n	</tbody>\r\n</table>\r\n<br />\r\n<img src=\"templates/default/images/imgdata/map.png\" />',1326769535),(5,10,-1,'','地址:北京市海淀区上地十街10号<br />\r\n总机:(+86 10) 5992 8888<br />\r\n传真:(+86 10) 5992 0000',1326769548);
/*!40000 ALTER TABLE `pmw_info` ENABLE KEYS */;
UNLOCK TABLES;

--
-- Table structure for table `pmw_infoclass`
--

DROP TABLE IF EXISTS `pmw_infoclass`;
/*!40101 SET @saved_cs_client     = @@character_set_client */;
/*!40101 SET character_set_client = utf8 */;
CREATE TABLE `pmw_infoclass` (
  `id` smallint(5) unsigned NOT NULL AUTO_INCREMENT COMMENT '栏目id',
  `siteid` smallint(5) unsigned NOT NULL DEFAULT '1' COMMENT '站点id',
  `parentid` smallint(5) unsigned NOT NULL COMMENT '栏目上级id',
  `parentstr` varchar(50) NOT NULL COMMENT '栏目上级id字符串',
  `infotype` tinyint(1) unsigned NOT NULL COMMENT '栏目类型',
  `classname` varchar(30) NOT NULL COMMENT '栏目名称',
  `linkurl` varchar(255) NOT NULL COMMENT '跳转链接',
  `picurl` varchar(100) NOT NULL COMMENT '缩略图片',
  `picwidth` varchar(5) NOT NULL COMMENT '缩略图宽度',
  `picheight` varchar(5) NOT NULL COMMENT '缩略图高度',
  `seotitle` varchar(80) NOT NULL COMMENT 'SEO标题',
  `keywords` varchar(50) NOT NULL COMMENT '关键词',
  `description` varchar(255) NOT NULL COMMENT '描述',
  `orderid` smallint(5) unsigned NOT NULL COMMENT '排列排序',
  `checkinfo` enum('true','false') NOT NULL COMMENT '审核状态',
  PRIMARY KEY (`id`)
) ENGINE=MyISAM AUTO_INCREMENT=14 DEFAULT CHARSET=utf8;
/*!40101 SET character_set_client = @saved_cs_client */;

--
-- Dumping data for table `pmw_infoclass`
--

LOCK TABLES `pmw_infoclass` WRITE;
/*!40000 ALTER TABLE `pmw_infoclass` DISABLE KEYS */;
INSERT INTO `pmw_infoclass` VALUES (1,1,0,'0,',0,'网站公告','','','','','','','',1,'false'),(2,1,0,'0,',0,'关于我们','about.php','','','','','','',2,'true'),(3,1,2,'0,2,',0,'关于我们摘要','','','','','','','',3,'true'),(4,1,0,'0,',1,'新闻动态','news.php','','','','','','',4,'true'),(5,1,0,'0,',2,'产品展示','product.php','','','','','','',5,'true'),(6,1,5,'0,5,',2,'笔记本电脑','product.php?cid=6','','','','','','',6,'true'),(7,1,5,'0,5,',2,'智能手机','product.php?cid=7','','','','','','',7,'true'),(8,1,0,'0,',2,'成功案例','case.php','','','','','','',8,'true'),(9,1,0,'0,',0,'联系我们','contact.php','','','','','','',9,'true'),(10,1,9,'0,9,',0,'联系我们摘要','','','','','','','',10,'true'),(11,1,0,'0,',3,'软件下载','soft.php','','','','','','',11,'true'),(12,1,0,'0,',4,'商品展示','goods.php','','','','','','',12,'true'),(13,1,0,'0,',2,'幻灯Banner','','','','','','','',13,'false');
/*!40000 ALTER TABLE `pmw_infoclass` ENABLE KEYS */;
UNLOCK TABLES;

--
-- Table structure for table `pmw_infoflag`
--

DROP TABLE IF EXISTS `pmw_infoflag`;
/*!40101 SET @saved_cs_client     = @@character_set_client */;
/*!40101 SET character_set_client = utf8 */;
CREATE TABLE `pmw_infoflag` (
  `id` smallint(5) unsigned NOT NULL AUTO_INCREMENT COMMENT '信息标记id',
  `flag` varchar(30) NOT NULL COMMENT '标记名称',
  `flagname` varchar(30) NOT NULL COMMENT '标记标识',
  `orderid` smallint(5) unsigned NOT NULL COMMENT '排列排序',
  PRIMARY KEY (`id`)
) ENGINE=MyISAM AUTO_INCREMENT=7 DEFAULT CHARSET=utf8;
/*!40101 SET character_set_client = @saved_cs_client */;

--
-- Dumping data for table `pmw_infoflag`
--

LOCK TABLES `pmw_infoflag` WRITE;
/*!40000 ALTER TABLE `pmw_infoflag` DISABLE KEYS */;
INSERT INTO `pmw_infoflag` VALUES (1,'h','头条',1),(2,'c','推荐',2),(3,'f','幻灯',3),(4,'a','特荐',4),(5,'s','滚动',5),(6,'j','跳转',6);
/*!40000 ALTER TABLE `pmw_infoflag` ENABLE KEYS */;
UNLOCK TABLES;

--
-- Table structure for table `pmw_infoimg`
--

DROP TABLE IF EXISTS `pmw_infoimg`;
/*!40101 SET @saved_cs_client     = @@character_set_client */;
/*!40101 SET character_set_client = utf8 */;
CREATE TABLE `pmw_infoimg` (
  `id` int(10) unsigned NOT NULL AUTO_INCREMENT COMMENT '图片信息id',
  `siteid` smallint(5) unsigned NOT NULL DEFAULT '1' COMMENT '站点id',
  `classid` smallint(5) unsigned NOT NULL COMMENT '所属栏目id',
  `parentid` smallint(5) unsigned NOT NULL COMMENT '所属栏目上级id',
  `parentstr` varchar(80) NOT NULL COMMENT '所属栏目上级id字符串',
  `mainid` smallint(5) NOT NULL COMMENT '二级类别id',
  `mainpid` smallint(5) NOT NULL COMMENT '二级类别父id',
  `mainpstr` varchar(80) NOT NULL COMMENT '二级累呗父id字符串',
  `title` varchar(80) NOT NULL COMMENT '标题',
  `colorval` char(10) NOT NULL COMMENT '字体颜色',
  `boldval` char(10) NOT NULL COMMENT '字体加粗',
  `flag` varchar(30) NOT NULL COMMENT '属性',
  `source` varchar(50) NOT NULL COMMENT '文章来源',
  `author` varchar(50) NOT NULL COMMENT '作者编辑',
  `linkurl` varchar(255) NOT NULL COMMENT '跳转链接',
  `keywords` varchar(50) NOT NULL COMMENT '关键词',
  `description` varchar(255) NOT NULL COMMENT '摘要',
  `content` mediumtext NOT NULL COMMENT '详细内容',
  `picurl` varchar(100) NOT NULL COMMENT '缩略图片',
  `picarr` text NOT NULL COMMENT '组图',
  `hits` mediumint(8) unsigned NOT NULL COMMENT '点击次数',
  `orderid` int(10) unsigned NOT NULL COMMENT '排列排序',
  `posttime` int(10) NOT NULL COMMENT '更新时间',
  `checkinfo` enum('true','false') NOT NULL COMMENT '审核状态',
  `delstate` set('true') NOT NULL COMMENT '删除状态',
  `deltime` int(10) unsigned NOT NULL COMMENT '删除时间',
  PRIMARY KEY (`id`)
) ENGINE=MyISAM AUTO_INCREMENT=16 DEFAULT CHARSET=utf8;
/*!40101 SET character_set_client = @saved_cs_client */;

--
-- Dumping data for table `pmw_infoimg`
--

LOCK TABLES `pmw_infoimg` WRITE;
/*!40000 ALTER TABLE `pmw_infoimg` DISABLE KEYS */;
INSERT INTO `pmw_infoimg` VALUES (1,1,7,5,'0,5,',-1,-1,'','苹果iPhone 4S 白色版','','','','','admin','','白色版','','','templates/default/images/imgdata/iphone4s_w.jpg','',57,1,1326770071,'true','',0),(2,1,7,5,'0,5,',-1,-1,'','苹果iphone 4s','','','','','admin','','黑色版','','','templates/default/images/imgdata/iphone4s.jpg','',118,2,1326770089,'true','',0),(3,1,6,5,'0,5,',-1,-1,'','苹果iPad 2 16GB/WIFI版','','','','','admin','','16GB/WIFI版','','','templates/default/images/imgdata/ipad2.jpg','',85,3,1326770110,'true','',0),(4,1,6,5,'0,5,',-1,-1,'','苹果iPod touch 4','','','','','admin','','白色','','','templates/default/images/imgdata/iPod.jpg','',159,4,1326770133,'true','',0),(5,1,6,5,'0,5,',-1,-1,'','苹果MacBook Pro','','','','','admin','','MC725CH/A','','','templates/default/images/imgdata/macbook.jpg','',86,5,1326770162,'true','',0),(6,1,6,5,'0,5,',-1,-1,'','苹果iMac','','','','','admin','','MC814CH/A','','','templates/default/images/imgdata/iMac.jpg','',160,6,1326770178,'true','',0),(7,1,8,0,'0,',-1,-1,'','361度——腾讯大运会梦想传递','','','','','admin','','','火炬传递将是拉开2011年深圳世界大运会全民眼帘的幕布，政府首次以官方身份举办的网络虚拟火炬传递活动。将火炬虚拟传递举办成为深圳世界大运会的一次互联网传播盛会，361度借此机遇搭载腾讯大平台，迅速使其品牌在深圳世界大运会全面曝光，从而达到361度传播品牌，提升品牌形象的目的。','','templates/default/images/imgdata/361du.jpg','',107,7,1326770200,'true','',0),(8,1,8,0,'0,',-1,-1,'','中华牙膏——我的微笑闪亮未来','','','','','admin','','','这次活动将微博与微电影进行多种结合，充分调动用户与向微电影互动，通过看电影收集微笑金币，微博好友“出演”微电影，写下“我的未来”等，将中华牙膏“我的微笑 闪亮未来”的精神精准传递给受众。','','templates/default/images/imgdata/zhonghua.jpg','',195,8,1326770219,'true','',0),(9,1,8,0,'0,',-1,-1,'','中国电信天翼——三星I559 I mini I life','','','','','admin','','','作为电信天翼的定制手机，三星Galaxy 系列手机 Galaxy Mini上市之际，电信天翼希望借助腾讯的媒体平台和互动形式，直击年轻消费群体，实现产品对目标受众的充分曝光和产品卖点的有效深化 。','','templates/default/images/imgdata/I559.jpg','',143,9,1326770246,'true','',0),(10,1,8,0,'0,',-1,-1,'','Moto——MT620两面派变身秀','','','','','admin','','','Tahiti是MOTO推出的第一款将“触摸屏幕”和“QWERTY Bar”相结合的智能手机 ，为快速引发青年白领关注，MOTO借腾讯大平台，打造了一场“两面派变身秀”。','','templates/default/images/imgdata/moto.jpg','',116,10,1326770273,'true','',0),(11,1,13,0,'0,',-1,-1,'','三一重工86米世界最长臂架泵车下线','','','','','admin','','','','','templates/default/images/imgdata/slideimg_1.jpg','',64,11,1326770289,'true','',0),(12,1,13,0,'0,',-1,-1,'','三一产品获八项第一','','','','','admin','','','','','templates/default/images/imgdata/slideimg_2.jpg','',131,12,1326770306,'true','',0),(13,1,13,0,'0,',-1,-1,'','三一获评《财富》十大“最受赞赏中国公司”','','','','','admin','','','','','templates/default/images/imgdata/slideimg_3.jpg','',80,13,1326770336,'true','',0),(14,1,13,0,'0,',-1,-1,'','唐家璇：三一重工为国家争了光','','','','','admin','','','','','templates/default/images/imgdata/slideimg_4.jpg','',87,14,1326770383,'true','',0),(15,1,13,0,'0,',-1,-1,'','亚洲首台千吨级全地面起重机SAC12000 2.0兆风电吊装圆满成功','','','','','admin','','','','','templates/default/images/imgdata/slideimg_5.jpg','',53,15,1326770404,'true','',0);
/*!40000 ALTER TABLE `pmw_infoimg` ENABLE KEYS */;
UNLOCK TABLES;

--
-- Table structure for table `pmw_infolist`
--

DROP TABLE IF EXISTS `pmw_infolist`;
/*!40101 SET @saved_cs_client     = @@character_set_client */;
/*!40101 SET character_set_client = utf8 */;
CREATE TABLE `pmw_infolist` (
  `id` int(10) unsigned NOT NULL AUTO_INCREMENT COMMENT '列表信息id',
  `siteid` smallint(5) unsigned NOT NULL DEFAULT '1' COMMENT '站点id',
  `classid` smallint(5) unsigned NOT NULL COMMENT '所属栏目id',
  `parentid` smallint(5) unsigned NOT NULL COMMENT '所属栏目上级id',
  `parentstr` varchar(80) NOT NULL COMMENT '所属栏目上级id字符串',
  `mainid` smallint(5) NOT NULL COMMENT '二级类别id',
  `mainpid` smallint(5) NOT NULL COMMENT '二级类别上级id',
  `mainpstr` varchar(80) NOT NULL COMMENT '二级类别上级id字符串',
  `title` varchar(80) NOT NULL COMMENT '标题',
  `colorval` char(10) NOT NULL COMMENT '字体颜色',
  `boldval` char(10) NOT NULL COMMENT '字体加粗',
  `flag` varchar(30) NOT NULL COMMENT '属性',
  `source` varchar(50) NOT NULL COMMENT '文章来源',
  `author` varchar(50) NOT NULL COMMENT '作者编辑',
  `linkurl` varchar(255) NOT NULL COMMENT '跳转链接',
  `keywords` varchar(50) NOT NULL COMMENT '关键词',
  `description` varchar(255) NOT NULL COMMENT '摘要',
  `content` mediumtext NOT NULL COMMENT '详细内容',
  `picurl` varchar(100) NOT NULL COMMENT '缩略图片',
  `picarr` text NOT NULL COMMENT '组图',
  `hits` mediumint(8) unsigned NOT NULL COMMENT '点击次数',
  `orderid` int(10) unsigned NOT NULL COMMENT '排列排序',
  `posttime` int(10) NOT NULL COMMENT '更新时间',
  `checkinfo` enum('true','false') NOT NULL COMMENT '审核状态',
  `delstate` set('true') NOT NULL COMMENT '删除状态',
  `deltime` int(10) unsigned NOT NULL COMMENT '删除时间',
  PRIMARY KEY (`id`)
) ENGINE=MyISAM AUTO_INCREMENT=20 DEFAULT CHARSET=utf8;
/*!40101 SET character_set_client = @saved_cs_client */;

--
-- Dumping data for table `pmw_infolist`
--

LOCK TABLES `pmw_infolist` WRITE;
/*!40000 ALTER TABLE `pmw_infolist` DISABLE KEYS */;
INSERT INTO `pmw_infolist` VALUES (1,1,4,0,'0,',-1,-1,'','百度数据报告进入全国两会引起各界代表热议广受好评','','','','','admin','','','','<p>\r\n	“统计显示，2010年3月以来，网民最关注的社会民生热点是住房问题，搜索占比高达34.84%，其次是金融类内容、社会保障、物价/通胀等。总体来看，与人民生活息息相关的吃住行、医疗、社保等民生问题占到了关注热点的绝大多数……”\r\n</p>\r\n<p>\r\n	百度作为全球最大的中文搜索引擎，覆盖95%以上中国网民，每天响应数十亿次搜索请求。这份两会专题报告，即是百度科学统计搜索关键词数据库，真实客观地反映一年来中国网民的关注和兴趣点，获得众多两会代表的广泛热议。\r\n</p>\r\n<p>\r\n	“可以看出，百度数据研究中心秉承专业严谨、科学客观的研究态度，用明确的数据分析，表达了网民和老百姓的心声与期待。”全国人大代表、河南省工商联副主席王刚向记者表示。他指出，根据百度数据报告可以看出，住房和消费是老百姓最关心的问题，特别是最近相继出台的“限购令”，更是让老百姓处于不知所从的状态。在王刚看来，限购只是一种手段，不应该是成为一种长久执行的政策。中国经济要保持目前的增长速度，关键是调整结构，扩展经济增长空间，让消费成为拉动经济的最重要力量。政府要加大保障房建设力度，解决了低收入家庭住房问题后，房地产限购应逐步放开，让市场真正符合市场经济发展。但未来中国消费潜能要得到真正释放，必须解决社会保障体系，人们才敢放手去消费。百度的数据报告，有理有据地传达出了普通民众的心声。<br />\r\n2011年3月5日、3月3日，第十一届全国人民代表大会第四次会议和政协第十一届全国委员会第四次会议在京正式拉开帷幕。今年的两会现场，代表们案头所翻阅的资料中，多了一份来自中国4.57亿网民的集体心声。\r\n</p>\r\n<p>\r\n	这便是来自百度数据研究中心的《2011两会专题研究数据报告》。\r\n</p>\r\n<p>\r\n	<br />\r\n全国人大代表、体操名将杨威告诉记者，“会议现场我看到了百度《2011两会专题研究数据报告》，花了几分钟读完之后，感觉报告数据真实展现了中国老百姓的关注热点，对‘两会’代表更深入了解人民呼声、参政议政有很重要参考价值，非常值得一读。”\r\n</p>\r\n<p>\r\n	“中国正处于经济转型期，如何更好地洞察民众消费需求，捕捉技术发展趋势，都是迫在眉睫的命题。百度两会数据报告，真实反映了中国四亿多网民的关注和需求所在，堪称一份\'来自互联网亿万网民的民生提案\'，对于国家经济发展意义重大！”全国人大代表周厚健表示，网络问政对经济进一步健康发展尤为重要，已渐渐成为一种趋势。\r\n</p>\r\n<p>\r\n	全国政协委员张征宇则指出“去年在网上发布《中华人民共和国车船税法(草案)》后，2万多网友近10万条意见。决策前充分论证、听取多方意见，能更好地平衡各方利益，有利于科学决策。百度《2011两会专题研究数据报告》这种形式，正是我们所需要的理性问政数据支撑。希望百度能在此基础上，不断改进数据统计方式，充分发挥网络技术优势，逐步建立和发挥网络智库的作用，为各方的决策提供更多更好的参考建议。”\r\n</p>\r\n<p>\r\n	3月3日，全国政协主席贾庆林在3日在全国政协十一届四次会议开幕会上向大会报告工作时指出，要积极探索利用互联网收集社情民意的新方式，成为党和政府舆情汇集和分析机制的重要方面。\r\n</p>\r\n<p>\r\n	而此次百度数据报告进入两会并广受好评，即是对贾庆林主席这番话语的有力支持。\r\n</p>','','',67,1,1326769561,'true','',0),(2,1,4,0,'0,',-1,-1,'','首届百度高校互联网产品设计大赛开幕','','','f','','admin','','','','<p>\r\n	近日，由全球最大的中文搜索引擎公司百度发起的首届“2011高校互联网产品设计大赛”在北京大学正式启动，百度产品总监李健以互动演讲拉开了大赛序幕。据悉，该赛是互联网企业首次面相全日制在校大学生举办的产品设计比赛，旨在推动大学生增强互联网创新实践，为大学生提供实现自我价值的平台，同时也为互联网创新发展积蓄人才力量。\r\n</p>\r\n<p>\r\n	据了解，首届比赛仅接受北京地区的参赛选手，整个活动将从3月中旬一直持续到5月底。参赛同学可组团通过线上报名方式（<a href=\"http://pmstar.baidu.com/\">http://pmstar.baidu.com</a>）提交方案，方案可涉及网页产品、客户端产品和无线应用产品，进入复赛的团队将得到百度资深产品设计人员的一对一指导。\r\n</p>\r\n<p>\r\n	最终筛选出获奖团队6支，他们不仅可以获得金额从5000元至2万元不等的“校园产品之星”奖学金，还将获得2011百度产品部暑期实习的绿色通道，有机会在企业一线体验互联网产品设计和创新实践。\r\n</p>\r\n<p>\r\n	李健表示：“互联网行业发展一日千里，需要更多优秀而有创新精神的人才加入，而大学生正是创新的生力军的新鲜血液，百度希望能够为他们提供一个平台，发现并施展自己的价值，为推动互联网创新发掘更多新生力量。”\r\n</p>\r\n<p>\r\n	启动仪式现场，来自北大、清华、中科院、北邮、北航等多所高校的上千名学生兴致勃勃滴聆听了李健的演讲，现场掌声不断，同学们踊跃发言并提出了自己关心的各种问题，涉及最多的话题是sns社交网络和移动互联网，还有不少同学在现场立即通过大赛官网报名参赛。\r\n</p>\r\n<p>\r\n	一名来自北航的学生表示讲和宿舍同学一起组团报名，他说：“最近两年互联网发展太快，我们在学校有深切的体会，参加这样的比赛，能有机会进行实战锻炼，还有机会和专业人士一对一地切磋交流，对大学生是个难得的机会。”\r\n</p>\r\n<p>\r\n	一位身处互联网多年的人士指出，高校一直是互联网创新的发源地，不仅在国内，在国际，类似facebook这样具有代表性的互联网公司，都是诞生在大学校园，他们为全球互联网技术和形态的创新发展做出了开创性的定义。而中国目前已经拥有超过4.57亿的互联网用户，也是全球最大的互联网市场，每一项互联网创新技术应用都会在这个巨大的市场中经受考验和培育，从而影响整个市场。\r\n</p>','','',55,2,1326769590,'true','',0),(3,1,4,0,'0,',-1,-1,'','百度启动“应用基金奖励计划”','','','','','admin','','','','<p>\r\n	当下，开放平台的APP模式正席卷全球，国外的鼻祖Facebook借助开放平台力量，聚拢了5亿用户，谷歌Android系统以开放横扫手机市场，苹果App Store模式更成为行业经典。APP的开放浪潮势不可挡，中国互联网行业也开始集体行动，百度、腾讯、新浪、淘宝等纷纷逐鹿开放平台，APP商业模式日渐主流。近日，百度更是在应用开放平台领域重磅出击：宣布启动应用基金奖励计划，投入数亿元激励第三方应用开发者和运营商，为搜索用户创新更多优质应用。\r\n</p>\r\n<p>\r\n	与大多数APP开放平台不同的是，百度开创了全球第一个由平台方“自掏腰包”成立基金为优秀免费应用买单的APP平台。奖励的目标将是免费应用的资源方（开发者或运营商），按用户在网页搜索中的日有效使用量，进行奖励计费，未来还会根据资源方对用户体验的贡献程度评分划级，对于评分级别越高的资源方将给予更多奖励。\r\n</p>\r\n<p>\r\n	<strong>应用变现 让第三方有利可图</strong> \r\n</p>\r\n<p>\r\n	如今应用开放平台可谓蔚然成风，然而，产业链层面的火热却很难解决开发者自身生存状态的矛盾和挣扎。即使在最为火爆的苹果APP Store，能够真正赚钱者也还是少数，更多的人则是在陪太子读书。在国内市场，受制于民众免费观念的侵蚀，广大开发者和运营商的“钱途”更为渺茫，应用开放平台，似乎只是“看起来很美”。\r\n</p>\r\n<p>\r\n	然而，百度应用开发者基金奖励计划的隆重开启，让广大开发者和运营商看到了希望。根据这一计划，百度预计将投入数亿元，面向平台所有开发者或运营商鼓励创新应用的开发。百度开放平台相关负责人表示，百度愿意为可持续发展的行业生态的建立做出表率，除了提供各个层面的强力支持，也包括实实在在的利益回报，让应用变现，让开发者劳有所得，有利可图。百度通过“自掏腰包”的输血方式，将推动更多的开发者参与进来，创造更多的高品质应用，让免费的应用也能转化成收益。“现在我不用过多考虑赚钱的事，只要能开发出网友喜欢的作品，百度会来买单。”奖励计划出台后，有开发者兴奋的表示。\r\n</p>\r\n<p>\r\n	<strong>同步起跑&nbsp; 流量及品牌双重提升</strong> \r\n</p>\r\n<p>\r\n	在国外，成功的开放平台几乎主导了行业的发展方向，应用提供方“寄人篱下”，自主发展和品牌提升空间并不大，尤其是一些实力较小的开发者，即使有优秀的应用产品，脱颖而出的机会并不大，最终很容易形成几家APP独大的局面。\r\n</p>\r\n<p>\r\n	百度开放平台则着重开发者的长远利益，通过分享百度每日数十亿的检索流量及覆盖95%网民群体的品牌影响力，开发者可以共享高黏性、高忠诚度的平台效应，在较短的时间内获得用户的认可，争取到海量用户和自身品牌价值的提升。\r\n</p>\r\n<p>\r\n	显然，这是与单纯注重收益为主的开放平台最大的区别。通过对免费应用的支持，任何一个开发者，都站在同一条起跑线上，所面临的机遇都是平等的，这对于国内的第三方开发者来说不只是福音，更是加速创业的不竭动力。\r\n</p>\r\n<p>\r\n	<strong>扶持应用创新力量成长壮大</strong> \r\n</p>\r\n<p>\r\n	不可否认，Facebook、苹果等国外通行的分成模式，刺激了开发者的成长，催生了一大批优质的游戏、商务、娱乐等应用，但也滋生了开发者“赚一票就走”的心态，这对于第三方开发商或运营商的成长来说，并无益处。<br />\r\n百度应用基金奖励计划的设立初衷在于扶持互联网行业的创新力量，更注重开发者的成长帮助，期望通过一套透明、有效的合作机制，一个利益共享平台、以及技术和资金的有效扶持，推动互联网创新力量的崛起并逐步壮大。\r\n</p>\r\n<p>\r\n	百度也透露，此次“应用基金奖励计划”的启动仅仅是百度开放平台战略规划中的重要一步，未来百度还将会有一系列举措出台，不排除对一些有潜力的开发者和运营商尝试深入合作，为其提供后续的技术和资金上的帮助。\r\n</p>\r\n<p>\r\n	业内专家表示，APP开放平台模式将是未来互联网发展的趋势，以百度应用基金奖励计划为序曲，百度的APP开放将为用户带来更全面、便捷的应用体验，大大降低使用门槛，使用户便捷实现在线娱乐、在线游戏、在线商务等功能。同时对行业来说，更具深远意义：开放架构通过调动产业链开发者、运营方等资源，将打破传统技术壁垒，改变应用分散、使用率低、优质应用被淹没等一系列弊端，营造更为健康有序的循环生态链，这不仅是互联网架构的一次革命性升级，更是未来互联网生态系的雏形。\r\n</p>','','',167,3,1326769617,'true','',0),(4,1,4,0,'0,',-1,-1,'','百度开展网上“地球一小时” 践行绿色环保之路','','','','','admin','','','','<p>\r\n	近来，日本猝然遭遇史上最强地震海啸袭击，环境和自然灾害等问题愈发引起人们更多的关注和行动。面对这些问题，任何独立个人和企业的力量都显得单薄，需要有一个强大的联系纽带。“地球一小时”正是这样一个纽带意义的活动。3月26日20:30—21:30，2011年度的“地球一小时”活动即将启动。全球最大中文搜索引擎百度，作为世界自然基金会（WWF）“地球一小时”中国区独家搜索引擎合作伙伴，已率先于3月21日起，整合旗下地图、知道、百科、空间、新闻、身边等产品展开为期一周的百度“地球一小时”低碳环保公益行动，唤起全体国民的环保意识。\r\n</p>\r\n<p>\r\n	百度“地球一小时”专题页面向大家全面展现了“地球一小时”活动的意义及开展情况，全方位传播绿色环保、节能减排知识。百度地图开启了“标注你的位置，参与地球一小时”的线上活动，网友可以登录百度“地球一小时”专题页面（<a href=\"http://earth.baidu.com/\">http://earth.baidu.com</a>）或世界自然基金会“地球一小时”官方网站（<a href=\"http://earthhour.org.cn/\">http://earthhour.org.cn</a>），填写姓名和电子邮件后，在线承诺“熄灯一小时”和“一个环保改变”，随即在百度地图上标注自己参与“熄灯一小时”活动的位置，留下一个绿色的“足迹”。除了为官方网站提供API接口外，百度android手机地图还提供了一个全新的玩法，让网民朋友可以在熄灯后将自己的位置分享给好友，实现彼此实时关注；此外，百度地图首页专题上还专门设置了“熄灯去哪儿”板块，为广大网民提供了公园、广场、健身房等众多熄灯后的好去处，倡导“黑暗”中的健康生活方式。\r\n</p>\r\n<p>\r\n	据悉，此次活动百度进行了六大产品的公益联动。除了地图，百度知道通过知道环保问答征集以及用户环保徽章，与广大网民进行了环保话题的深度互动，而且专题页面还会抓取知道带有环保关键词的待解决问题、已解决问题展示、以及提问按钮，供网友回答、提问、浏览，让网友在“问答”中感受环保的可贵；百度百科，则借助亿万网友的力量，通过环保百科词条，对环保知识进行大力普及；而百度空间更是通过空间环保活动征文，让网友在记录中加强环保意识；此外，百度新闻还全面抓取了“地球一小时”的相关资讯，增强网民对环保新闻的关注度；覆盖全国368个城市超过百万商户的生活信息搜索和分享平台百度身边，更是通过和 “真功夫”合作于3月24日发起 “身边真功夫，聚会地球熄灯一小时”线下活动。届时其北京地区33家门店都将关闭招牌灯，网友在享受浪漫烛光晚餐的同时，还可以通过身边客户端上传店铺照片、进行现场播报，完成后就可得到真功夫给身边用户的独家优惠。\r\n</p>\r\n<p>\r\n	百度相关负责人表示，作为一个负责任的企业公民，百度在为数以亿计的网民提供便捷获取信息方式的同时，也一直关注环境保护。百度希望借助“地球一小时”活动，唤起每个人、每个企业的环保意识，每一天、每一刻从身边的小事一点一滴做起，为节能减排发挥各自的作用。百度也将继续践行绿色环保之路，与广大网民一起，为中国的环保事业贡献一己之力。\r\n</p>','','',155,4,1326769646,'true','',0),(5,1,4,0,'0,',-1,-1,'','百度推出“招聘会”搜索 助力学子就业','','','','','admin','','','','<p>\r\n	进入3月，应届毕业生又将辗转于各大火爆的招聘会现场，迎接“面霸”生活。或许今年莘莘学子们会有不一样的体验。因为日前，全球最大中文搜索引擎百度借助强大的数据开放平台上线了“招聘会”搜索功能，通过对招聘会、企业招聘职位资源的整合，为广大求职者提供海量、全面、精准的求职信息检索服务。\r\n</p>\r\n<p>\r\n	通过该功能，用户只需在百度搜索框输入“招聘会”或“某省市招聘会”等相关关键词，百度框计算系统将自动对接招聘会信息资源提供方，智能识别用户所在的城市，反馈回当地最新的招聘会相关信息，包括时间、地址等。而结合百度地图服务，求职者可以继续查询到从所在地到招聘会现场的公共交通路线，为参加招聘会提供便利，并合理安排自己的应聘计划。<br />\r\n<br />\r\n数据显示，2011年国内高校毕业生高达660万人，是本世纪初的6倍以上。进入3月之后，2011年的第一波招聘求职高峰已经到来。据各地媒体报道，数万人挤爆招聘会现场的情况已经在不断上演，“跑会一族”成为应届毕业生的普遍生存状态。而随着百度“招聘会”搜索功能上线，学子们不仅能获得全面准确的招聘信息，且“跑会”也将更加具有针对性和条理性。\r\n</p>\r\n<p>\r\n	“很多时候参加招聘会都很盲目，不知道取舍，常常是去了招聘会现场才发现根本没有去的必要，却错过了真正应该参与的场次。百度的招聘会搜索，极大方便了我对于招聘会的筛选和面试计划，而且连地图、公交地铁线路都有考虑到，非常贴心。”很多大学生对记者纷纷表示道。\r\n</p>\r\n<p>\r\n	业内人士分析，除了毕业生，百度“招聘会”搜索是一个让招聘企业、招聘会主办方、第三方招聘会发布平台多方共赢的合作模式。通过百度数据开放平台，招聘企业可以更好地安排招聘计划，招聘会主办方可以更好地带动人气和整体运营。而对于第三方招聘会发布平台，目前与百度合作的“应届生”、“应届生毕业生”等多家资源方表示，“通过百度招聘会搜索，不但借助百度海量用户优势将招聘会信息最大化进行有效传递。同时，通过与百度平台的对接获得每天数十亿次检索的机会，在流量、用户和品牌等诸多方面都将获得立竿见影的提升。”\r\n</p>\r\n<p>\r\n	据悉，在招聘会之外，包括智联招聘、中华英才、赶集网、同城58、百姓网等全国一百多家主流招聘网站，也已经悉数加入百度开放平台，通过百度这个中文上网第一入口为亿万求职、跳槽者带来便利。据统计，目前每天有数百多万人通过这种搜索方式找工作。\r\n</p>\r\n<p>\r\n	从百度提出“框计算”以来，一直致力于通过搜索让人们最便捷、最全面、最及时地获得信息，从“客服电话”直接显示、邮箱实现搜索页面直接登录、股票信息实时查询，到高考信息查询、招聘信息查询等等一系列搜索新功能，搜索请求结果正在越来越多的直接呈现在搜索页面上，网民的搜索一站式体验正在一步步得到提升。“框计算”及百度开放平台，正以其强大的技术创新能力为依托，为数亿用户带来一次次全新的搜索体验。\r\n</p>','','',120,5,1326769660,'true','',0),(6,1,4,0,'0,',-1,-1,'','百度市值超腾讯成为中国互联网企业第一','','','h,a','','admin','','','','<p>\r\n	3月24日消息 百度（NASDAQ：BIDU）周三报收于132.58美元，其市值也达到了460.7亿美元，超过了腾讯控股（HKG：0700）昨日收盘时的市值，成为中国互联网企业第一。这也是5年来，第一头衔的首次易主。腾讯昨日报收于189.4港元，市值约为446亿美元。\r\n</p>\r\n<p>\r\n	周三开盘后一路上扬，截至收盘报收于132.58美元，涨幅达4.32%。股价创业近52周的新高，市值达到460.7亿美元。而在2005年百度上市时市值仅8.7亿美元，迄今已经增长近53倍。\r\n</p>\r\n<p>\r\n	百度于今年2月1日公布了第四季度财务报告，数据显示该季度百度总营收24.5亿元，同比增长94%；净利润为11.6亿元，同比增长 171.3%。在线广告业务仍然是百度的最主要收入来源。而百度官方新闻稿中则称同比接近翻番的增长速度，标志着百度在第二个十年发展的起跑阶段又开始重新加速。\r\n</p>\r\n<p>\r\n	腾讯则是在3月16日公布了第四季度财务报告，数据显示第四季度总营收55亿元，同比增长49.8%，环比增长5.7%，净利润22亿元，环比增2.1%，同比增45.9%。总营收和净利润增速均出现下滑，其净利润增速创三年来最低。\r\n</p>\r\n<p>\r\n	或受财报不利的消息影响，腾讯股价已连续多日下挫，从220港元跌至昨日的189港元，创下一个月来的新低。\r\n</p>','','',95,6,1326769687,'true','',0),(7,1,4,0,'0,',-1,-1,'','百度文库版权合作平台上线 诚意探索多方共赢','','','','','admin','','','','<p>\r\n	目前，百度文库版权合作平台正式上线（wenku.baidu.com/hezuo），该平台包括与版权方的具体合作形式，以及对版权合作方的宣传支持等几大板块内容。显而易见，百度此举在表现出其诚意态度的同时，更以迅速行动力和执行力，寻求与版权方的合作共赢。<br />\r\n<br />\r\n<strong>多种合作形式可供选择</strong> \r\n</p>\r\n<p>\r\n	在该平台页面上，可以详细了解百度文库对付费分成模式、广告分成模式的相关介绍。配合这两种合作模式，百度文库将通过多个宣传渠道对合作的正版资源进行宣传推广。其中，付费分成模式将允许用户免费阅读作品部分章节，在此基础上，如果读者希望阅读全本内容，则需要通过网络支付通道支付一定费用，即可将该电子作品存储至自己的个人文库并进行在线全本内容阅读。而经由百度文库收取的费用大部分比例将划拨给版权方所有，从而在确保正版阅读的同时，为版权方带去丰厚的收益回报。\r\n</p>\r\n<p>\r\n	相比之下，广告分成形式则允许读者免费阅读整部作品，但百度文库会在确保用户的优质阅读体验前提下，在作品阅读页面适当位置开发和放置相应广告内容，使作者或版权方获取相应收入。这也意味着作品的吸引力和关注度将会与版权方的收益成正比，作品的浏览量越高，版权方所获得的回报也就越多。\r\n</p>\r\n<p>\r\n	与此同时，针对一些目前暂时尚无法提供全本合作的版权方，百度文库同样给予了足够的关注。版权方可以提供部分新书介绍和免费章节内容，通过文库书店平台，进行新书推广，宣传新书信息，帮助版权方带动实体图书销量。\r\n</p>\r\n<p>\r\n	<strong>强大资源力推正版</strong> \r\n</p>\r\n<p>\r\n	除了提供多种合作形式外，百度文库还利用用户对文学作品、各类文档的巨大搜索量，为版权合作方提供了众多宣传资源来推广正版图书。百度文库将会在文档分享页面、文库书店页面对正版图书进行推荐；在百度搜索结果页增加正版内容展示；还会在文库搜索结果页明显位置对正版作品进行特型展示。此外，还将对版权方旗下的优秀作品、签约作者进行集中宣传，通过专题、活动等形式使版权方和用户互动起来，让版权方的优秀作品、签约作者被更多的读者所知晓、熟悉、喜爱。\r\n</p>\r\n<p>\r\n	为保护作者版权，百度文库最近实行了一系列积极的举措，包括加速文库中可能侵犯他人著作权的文档清理，以及开设绿色举报通道等。除此之外，一项名为 “版权作品DNA比对识别”的技术应用预计将于4月11日上线试运行，该技术将鼓励合作方提供全文正版资源，通过后台识别技术，进行网友上传文档与正版资源的对比审核，从而加速文库识别系统更精准、全面的删除盗版，从源头上阻止侵权文档的上传。\r\n</p>\r\n<p>\r\n	有业内专家指出，互联网已经成为知识普及的重要途径之一。不可否认百度文库在保护版权方面还有一些需要改进和提升的地方，但是我们也欣喜的看到百度主动沟通的意愿、开诚布公的态度以及因此而进行的对版权资源合作模式的积极探索。百度提出来的合作模式，一方面给广大网民带来高质量的作品；另一方面也给出版方和作者提供了一个推广及变现的渠道；同时也让百度文库在打击盗版上，迈出了坚实的一步，可谓多方共赢。\r\n</p>\r\n<p>\r\n	百度文库相关负责人表示，百度非常重视版权的保护问题，同时也希望与版权方建立长期的合作关系，引入丰富的内容，为广大网友提供一个正版内容的阅读平台，同时为版权方构建一个宣传、获益的营销阵地。刚刚一年半左右的百度文库正以其诚意和实际行动向业界表明：在版权保护方面，百度文库一直在努力。百度的心态是开放的，乐于听取来自社会各界的建议和意见，寻求多方的合作共赢。在保护版权方利益的基础上，将更优质的资源、更好的产品、更体贴的服务奉献给广大用户。\r\n</p>','','',92,7,1326769711,'true','',0),(8,1,4,0,'0,',-1,-1,'','百度与音著协达成合作 与音乐人分享著作权收益','','','c,f','','admin','','','','3月31日下午消息，百度公司与中国音乐著作权协会(简称音著协)宣布达成合作，双方将共同建立音乐词曲著作权合作主渠道，这意味着音乐词曲权利人可以通过音著协这个主渠道，获得相关著作权收益。<br />\r\n<br />\r\n在互联网上，各类音乐著作权人分布非常广泛，如何找到一个有效的授权方式是数字音乐正版化的一个巨大挑战。百度是第一家与音著协共建著作权合作主渠道的互联网企业。<br />\r\n<br />\r\n据透露，从2008年开始，百度就开始通过与滚石、索亚、EMI等词曲权利人直接合作，获得了相关词曲作品在百度上的使用权。基于此次百度与音著协的合作，进一步建立了音乐作品数字化环境下的授权主渠道，相关音乐作品的许可使用费由百度支付给音著协，并由音著协按照有关规定转交相关权利人。<br />\r\n<br />\r\n百度市场与公关副总裁朱光表示，百度一贯重视知识产权保护工作，并将通过自身努力，积极与相关机构合作，主动探索回馈音乐著作权人的新模式。网络音乐是中国 4亿网民非常喜爱的一项网络应用，百度音乐平台一方面将用更好的产品和技术，免费为网民提供更加优质的音乐体验；另一方面，我们始终认为词曲作者是数字音乐产业繁荣的根本推 动力量，此次和音著协达成的合作，是我们长期坚持数字音乐正版化和回馈版权方的一个重大里程碑。<br />\r\n<br />\r\n中国音乐著作权协会副总干事刘平表示，音著协是中国唯一的音乐著作权集体管理组织，代表着国内国际最广泛的音乐词曲著作权人权益，而百度是中国最大的数字音乐分享平台，上面汇聚了4亿多网民的需求。双方发挥各自的优势，以实际行动解决行业内多年以来悬而未决的数字音乐版权授权难题，这对中国整个数字音乐产业来说，具有开天辟地的历史意义。<br />\r\n<br />\r\n百度音乐事业部总经理梁康妮透露，从去年11月开始，百度就与音著协积极探讨保护词曲权利人权益的有效方式，并根据百度音乐平台的整体使用情况对分成方案进行认真细致的制定和评估，百度将定期向音著协提供每一首歌曲的播放和下载数据报表，这种计算方式此前已经运作超过一年，并获得合作机构认可。而为了保证该项合作能真正向词曲版权方做到公正和透明，百度也在开发新的系统，将支持所有词曲作品版权方获取自身作品在百度音乐平台上播放下载次数统计。<br />\r\n<br />\r\n梁康妮同时介绍，目前音乐著作权主要包括词曲著作权和邻接权，前者的权益主体主要是词曲作者和词曲著作权机构，后者的权益主体主要是艺人和唱片公司。除了词曲著作权方面的合作，目前百度也已经与全球范围内80多家唱片机构就邻接权签订了分成合作协议，目前还在进一步与其他唱片机构展开合作谈判。','','',140,8,1326769736,'true','',0),(9,1,4,0,'0,',-1,-1,'','中影集团携《建党伟业》影片资源 登录百度开放平台','','','','','admin','','','','近日，建党90周年献礼影片《建党伟业》宣布该片将于6月15日上映，在海报揭幕仪式上，影片出品人兼导演韩三平携导演黄建新及众多主演一同助阵。同时，记者发现，在全球最大中文搜索引擎百度上搜索“建党伟业”，搜索结果以图文并茂的整合方式呈现《建党伟业》影片的相关资料，包括影片介绍、电影片花、明星采访视频、剧照图片、新闻专题、演职员表等。记者联系到中影集团相关负责人，该负责人确认已将《建党伟业》相关影片资源通过百度开放平台发布，提前和观众见面，希望能够直接面向网民发布正版的优质影片资源。<br />\r\n<br />\r\n据了解，百度自2010年9月推出框计算应用开放平台，“即搜即用”理念极大地提升了网民的搜索体验，受到用户的好评。2010年底，中影集团及旗下中国电影网便开始和百度秘密接触，洽谈双方在百度开放平台上的联袂合作。此次，中影集团将2011年最受关注的年度大戏官方资源通过百度开放平台与观众提前见面，无疑可见中影已经嗅到来自百度开放平台的巨大发展机会。<br />\r\n<br />\r\n中国电影网CEO王国伟表示：“中国电影网宗旨是依托中影集团优良的产业资源和品牌优势来服务大众。我们已经看到，百度作为互联网最有影响力的入口，每天服务全中国数亿网民的生活和娱乐，而百度开放平台以创新的方式为资源提供方、用户架起了一座桥梁。我们希望借助百度开放平台，让中影旗下的优质影视资源能够直接面向数亿互联网观众，进而共同探索电影在互联网市场的营销新模式。”<br />\r\n<br />\r\n据了解，百度应用开放是百度“框计算”技术理念的重要实践成果，“框计算”理念由百度总裁兼CEO李彦宏于2009年8月提出，是一种基于需求分析和网络资源调用的高度智能的互联网需求交互模式。理念提出后，百度先后推出数据开放平台和应用开放平台，网民只需要在搜索框中输入相关关键字，便可以直接调用相关正版优质网络资源，实现“即搜即用”，极大提升了网民的搜索体验。<br />\r\n<br />\r\n有评论人士指出，互联网的深度普及已经让人们在电影领域的消费习惯和观影方式都发生了巨大变化，除了院线播映，越来越多电影需要通过多元化的渠道来解除用户。而这次中影与百度两大行业巨头的试水合作也为影视内容出版与互联网渠道的深度融合催生出更多想象空间。<br />\r\n<br />\r\n王国伟表示，“中影的优质正版资源与百度的开放平台相结合，不仅给亿万网友提供了更好的阅读和观赏体验，同时也对《建党伟业》这样的影片起到了非常好的品牌宣传作用。互联网的快速发展，对于影视内容及其他传统文化出版行业来说是一个需要把握好的新机遇。长远来看，我们相信这种合作模式无论对于传统内容出版发行方、互联网，还是广大网友来说，都将是共赢和利好的结果。”<br />\r\n<br />\r\n据悉，近期中影在影片资源推介会公布了2011-2012重点项目，其中包括已经开拍的陆川作品《王的盛宴》、冯小宁作品《1894甲午大海战》、王晶作品《无价之宝》；正在后期制作中的吴宇森作品《飞虎群英》等悉数在列。若《建党伟业》在百度开放平台上试水成功，我们或将看到中影旗下更多优质影视资源登录百度开放平台，届时也无疑将令网民大饱眼福。','','',116,9,1326769760,'false','',0),(10,1,4,0,'0,',-1,-1,'','权威核辐射监测数据登录百度开放平台 消除公众恐慌','','','','','admin','','','','4月2日，据新华社发布最新消息：我国除西藏外的省份部分地区均监测到极微量放射性物质，不会对我国环境和公众健康造成危害，无需采取任何防护措施。近日，由于日本地震引起的核泄漏事件不断发展，有关核辐射的最新动态也成为我国民众时下最受关注的话题。<br />\r\n<br />\r\n今天中午，记者发现，在全球最大中文搜索引擎百度中搜索“辐射监测”“中国核辐射”等词，在结果页可直接看到来自国家环境保护部官网的中国境内核辐射的最新监测数据，网民可随时关注其所在城市的核辐射数据动态。<br />\r\n<br />\r\n记者致电百度相关负责人了解到，数据上线短短几小时内，登录百度开放平台查询核辐射监测结果的相关搜索量已突破一万次。百度开放平台负责人表示，这些信息均为来自于国家环保部的官方信息，供网民第一时间了解到权威性、准确的信息。除此以外，百度还将环保部网站中放射性核素钚简介、正确看待核辐射等科普知识的链接一并呈现，便于公众了解和正确认识核辐射现状，消除恐慌。<br />\r\n<br />\r\n据了解，在之前的“抢购食盐”风波中，百度通过“框计算”开放平台，及时将政府信息传递给公众，让谣言仅仅“存活”了2天时间即恢复平静。作为全球最大的中文搜索引擎，百度覆盖全中国超过4亿网民群体，每日响应近数十亿次的搜索请求，已经成为互联网最有影响力的信息获取入口。<br />\r\n<br />\r\n业内人士表示，在互联网信息传播空前复杂的时代，由于信息传播的不对称和互联网上无权威的现状，一些不准确的信息很容易引起民众恐慌。百度开放平台在第一时间联合政府相关部门，利用搜索引擎技术及百度作为互联网平台的影响力，将权威监测数据及时送达网民，极大地帮助消除民众因无法及时获得正确信息而引起的恐慌。','','',98,10,1326769776,'true','',0),(11,1,4,0,'0,',-1,-1,'','云起龙骧 共赢未来——“第六届百度联盟峰会”布局开放新时代','','','s','','admin','','','','<p>\r\n	4月12日，主题为“云起龙骧，共赢未来”的“第六届百度联盟峰会”在云南丽江盛大开幕。来自全国各地的数百家合作伙伴齐聚一堂，与百度董事长兼首席执行官李彦宏，百度高级副总裁沈皓瑜等百度高层，共同就开放创新、互联网未来发展趋势进行深度交流和探讨，此次盛会也受到了百度50余万家联盟合作伙伴以及整个互联网业界瞩目。\r\n</p>\r\n<p>\r\n	与往届联盟峰会不同的是，在本届大会现场，活跃着众多中小网站站长及个人开发者的身影，形成了一道独特的风景。这也契合了本届百度联盟峰会的最大重头戏——百度APP平台全面开放，为众多中小网站及第三方开放者提供一个广阔的创新发展平台，帮助他们实现创业梦想。\r\n</p>\r\n<p>\r\n	据悉，从2002年成立至今，百度联盟经历了九年的发展，从基于流量的搜索时代，到基于受众注意力的全网时代，而今迈进了跨越式的“开放时代”。在这个崭新的阶段，不仅用户的互联网应用需求变得愈发个性和多样，同时互联网产业链之中的各个角色之间的合作也更加扁平。作为全球最大的中文搜索引擎，百度将借助APP平台全面开放的力量构建一种全新的协同体系，在开放、分享和共赢的理念之下，与合作伙伴一起携手，推动我国互联网产业的开放特质和创新氛围，打造一个生机勃勃的互联网生态圈。“百度每年将斥资数千万鼓励创新，为合作伙伴在品牌、流量、收益等多方面带来有效的提升，助力产业发展。”百度高级副总裁沈皓瑜透露。\r\n</p>\r\n<p>\r\n	一路走来，百度联盟的影响力与日俱增，目前已经累计有50余万家合作伙伴加入百度联盟并迅速成长，其中既有成功上市的顺网科技等知名企业，也不乏刚刚毕业的大学生创业者。在沈皓瑜看来，在搜索时代，百度联盟的工作重心是如何基于搜索为伙伴们带来更多收益和快速成长；在全网时代，百度在搜索服务的基础上推出的网盟业务覆盖面更广，不断提高合作伙伴分成奖励的同时，还帮助伙伴优化用户体验、提高流量向收益的转化率；而在开放时代，百度除了将继续加大对搜索和网盟业务的投入，还将通过APP平台的全面开放，为用户提供更便捷优质的使用体验，为合作伙伴提供巨大的成长空间及品牌价值收益。可以预见，基于百度应用开放平台的合作，未来年收入几万级、几十万级和数百万级的应用将会涌现，开发者将获得更透明、公平的竞争机会，成为推动中国互联网繁荣、健康、持续发展的关键力量。\r\n</p>\r\n<p>\r\n	在本届峰会上，百度不仅宣布全面开放APP平台，还明确了普通开发者加入APP平台及获益的方式。百度将通过实施“百度应用成长基金”计划等一系列措施，力求使开发者们可以基于百度开放平台实现分享合作的收益回报，为他们的持续创新注入动力。百度方面表示，希望以基于框计算架构的开放平台为核心，在为亿万网民奉上优质应用体验的同时，为第三方应用开发商、运营商构建一个鼓励创新、促进成长、赢得回报的巨大舞台，真正形成一种有助于产业链中各种角色成长的良性健康机制。\r\n</p>\r\n<p>\r\n	除此之外，百度还详细介绍了一系列旨在帮助伙伴们获得成长，加速良性互联网生态圈形成的利好举措，包括鸿媒体业务、提高分成比例等，力求从技术、品牌、资金、收益、服务等多个角度全方位地帮助合作伙伴获得成长。百度联盟总经理褚达晨介绍称，去年的百度联盟峰会上，百度发布了三大举措来助力联盟伙伴发展，涵盖收益、服务、成长三方面。而今年，“百度将继续加大对网盟业务的技术和资源的投入；不断丰富和优化联盟产品，匹配媒体和推广客户需求；继续针对网盟优质流量、优质广告位提高分成比例，使伙伴分享更大收益。”褚达晨表示，百度希望立足于全面开放的战略，与伙伴们合作共赢、相互促进，最终促进整个产业的升级。“而这也正是百度联盟下一阶段努力的方向。”\r\n</p>\r\n<p>\r\n	百度的这一系列新举措和表态，得到了广大合作伙伴及开发者的极大关注。业内人士评价指出，依托于百度强大的品牌号召力和成熟的推广模式，百度联盟经过多年精心运营，已发展成为国内最大和最具实力的网络推广联盟。百度对于合作伙伴的持续大力扶持，加之全面开放的战略，将帮助更多网站和网络开发者、创业者们更好地成长和成功，并带动整个产业进一步发展和繁荣，迎来一个全新的互联网开放时代。\r\n</p>','','',153,11,1326769798,'true','',0),(12,1,4,0,'0,',-1,-1,'','百度开放知道携手金山WPS 共建办公软件网络帮助平台','','','','','admin','','','','<p>\r\n	一个是风靡的互联网产品，一个是深得人心的客户端办公软件，这两者相遇会发生什么样的化学反应？近日，百度知道开放平台（http://www.baidu.com/search/openiknow/）与知名办公软件金山WPS展开了深度合作，金山WPS官网创建“知道频道”（http://zhidao.wps.cn/），同步百度知道相关office、WPS等软件使用帮助问答内容；同时双方共建的“知道频道”已嵌入新版WPS Office办公软件中，带来客户端帮助服务的一次革命。嵌入开放知道的最新版WPS Office已于4月12日正式发布（下载地址：http://www.wps.cn/）。百度知道与金山WPS携手开创了互联网产品与客户端软件合作的先河，为用户带来全新的应用和服务体验，是一次双赢的创举。\r\n</p>\r\n<p>\r\n	此次与金山WPS的合作，更是树立了百度知道开放平台一个新的里程碑。具体合作方式上，开放知道与金山WPS共建的“知道频道”嵌入了WPS客户端，用户在工具栏点击“WPS知道”按钮即可在软件内直接提问、搜索、回答。同时金山WPS在官网开通“知道频道”并与百度知道打通，百度知道中的 Office、WPS等软件使用问题会同步到双方共建的“知道频道”。随着新版WPS Office完成全面升级，5000万用户将使用到嵌入“WPS知道”的新版软件服务。百度与金山共建的“知道频道”，将成为网络第一的办公软件问答平台，为网友提供更加聚焦、更加专业且全面的软件知识帮助。从此，每当用户遇到软件使用问题时，面对的将不再是冷冰冰的帮助文档，而是千万有着同样使用经历的知道网友提供的定制化解决办法，极大提升了解决问题的速度与专业度。\r\n</p>\r\n<p>\r\n	有业内分析指出，此次合作无论对知道开放平台，还是对金山WPS，都是一个重大利好。对百度知道开放平台来说，不仅覆盖了众多新鲜的潜在用户，而且把开放知道从Web端向桌面端推进了一大步，提升了用户的使用体验和黏性；对金山WPS来说，携手开放知道既丰富了WPS Office的应用功能，又可以借助百度知道庞大、优质的用户数量与流量，为WPS Office用户提供更好的服务与问题解答。\r\n</p>\r\n<p>\r\n	业内人士的分析也得到了市场的印证，此前金山办公软件开展了“Office的问题 WPS全知道”的主题活动，活动上线仅仅10天，就得到了超过2000名知道网友的追捧，他们纷纷加入到Office专家团，为WPS用户提供图文并茂的专业指导。“对于办公软件，用户经常会发现总是有功能选项、函数、图表不会用。联手开放知道后，WPS的新一代互联网开放式服务平台已正式上线，借助知道网友的力量，掀起一场客户端客服系统的全新革命。”金山软件相关负责人说道。\r\n</p>\r\n<p>\r\n	百度知道相关负责人表示，百度知道一直坚持走开放路线，并取得了巨大的成果。和金山WPS的合作，是百度知道开放平台的又一成功案例和重要里程碑。今后百度还将继续践行开放之道，同时加强同各类客户端软件的深度合作，充分挖掘各自产品的资源优势，打造互联网产品、合作伙伴、客户端软件以及广大网民共赢的产业链和生态圈，推动各方的共同发展与进步。\r\n</p>\r\n<p>\r\n	据了解，百度知道自2005年上线以来，已经累计为广大网民成功解决超过一亿个问题，相当于全体网民共同编纂了超过1000本《十万个为什么》。不仅如此，百度知道还引领潮流，实行开放战略，积极搭建知识需求者和知识提供者之间的桥梁。如今已经有近2000家的合作伙伴与开放知道展开了频道合作模式、数据合作模式等多种形式的合作，为用户带来及时、便捷、准确的问答体验，极大的发挥了知识的价值。\r\n</p>','','',118,12,1326769820,'false','',0),(13,1,4,0,'0,',-1,-1,'','百度：先驱者的探索','','','f,s','','admin','','','','<p>\r\n	4•26世界知识产权日临近，回顾过去，很多关于网络知识产权问题依旧无解；不过今年，在百度带动下，中国互联网版权问题迎来了一个可喜的拐点。\r\n</p>\r\n<p>\r\n	多年来，互联网版权争端层出不穷，内容创作者对互联网上盗版泛滥可谓五味俱杂。一方面享受到互联网传播带来的名利双收，另一方面则对侵权行为深恶痛绝。而互联网企业限于诸多原因，根本无暇顾及根除侵权内容或是思考提供长久解决之道。但不久前，百度通过与作家群体、音乐人群体的合作探索，以全新的思路为产业的健康良性发展开辟出一条道路。\r\n</p>\r\n<p>\r\n	<strong>能力越大，责任越大</strong> \r\n</p>\r\n<p>\r\n	每一次新技术的深入发展都会带来了新问题的涌现。当广播出现的时候，音乐界曾经奋起抗争坚决抵制广播中出现他们的原创音乐；电视剧、电影也在与新媒介就分享问题几经斗争。百度文库、音乐如今面临挑战也是行业必然。不过，百度在设立这些服务之初，就纳入了深深的责任思考。\r\n</p>\r\n<p>\r\n	百度文库立足于为教育行业提供丰富的文档资源。为大中小学教育、外语学习、资格考试等领域提供的文档占据了八成，为广大师生借助互联网拓展自身视野，提高自主学习能力提供舞台。\r\n</p>\r\n<p>\r\n	作为国内最早提出与音乐权利人分利机制的互联网平台，百度一直努力推动音乐正版化进程。从2007年开始，百度陆续与全球范围内近百家唱片公司签约，保障音乐著作权所有者的合法权益，其中包括滚石唱片、EMI、英皇唱片等著名音乐公司，艺人及歌曲资源比较优秀的本土唱片公司每年能通过与百度合作获得数千万的收入。\r\n</p>\r\n<p>\r\n	在面对各方权利人版权问题非议时，互联网领域知名律师于国富曾指出，百度文库有非侵权的合理用途，适用于国家《信息网络传播权保护条例》（亦称避风港原则）。2010年北京市海淀区人民法院审理百度文库案件时，认为百度文库符合该条例，驳回了原告的全部诉讼请求。\r\n</p>\r\n<p>\r\n	不过，百度并没有借助 “避风港原则”对众多权利人的声音充耳不闻，而是义不容辞地承担起了保护网络知识版权的责任。同作家拓展及实践分成模式、与音乐人委托机构建立合作主渠道、斥巨资投身音乐正版化平台社区建设……其所有行动无一不昭示着大企业的责任观。\r\n</p>\r\n<p>\r\n	<strong>能力越大，作用越大</strong> \r\n</p>\r\n<p>\r\n	无论是通过用户付费、广告分成、还是平台优先展现再经由多种形式变现，赋予作家等权利人前景；还是尝试与音乐权利方共建合作主渠道，对用户按使用付费，百度都在现实层面上简化了版权保护操作，为通过技术创新与制度完善规范正版资源提供了范本。\r\n</p>\r\n<p>\r\n	在百度与音著协就网络音乐作品授权使用问题达成战略合作后。根据双方的协议，对于百度MP3搜索到的音乐，无论授权作品还是非授权作品链接，百度都将根据用户在线播放和下载次数，委托音著协与词曲作者进行分成。有媒体评价称，百度作为第一家与音著协共建著作权主渠道的互联网企业，让数字音乐的版权尤其是音乐词曲著作权收益题开始“破冰”，成为以公开、透明化机制促进数字音乐公平有序发展的典范。\r\n</p>\r\n<p>\r\n	资深互联网专家胡延平曾表示，今天的百度应该被肯定，至少它是中国互联网企业中做出最多努力的一员。数字版权保护一时还没有理想终极的解决方案，但我们欢迎这种建设性的、有助于多方合作共赢的做法出现。\r\n</p>\r\n<p>\r\n	从某种程度上，百度成为了践行诉求数字时代版权合法化的先驱者。在百度出台一系列致力于保护互联网知识版权的举措后，中国广播电视协会旗下相继诞生了广播、电视的版权专项委员会；各类版权维权平台也推出了自己的大型版权方案，一些编剧群体甚至成立了兼具经纪和权利委托性质的专业公司。一些人士预测，百度身后，信息商业价值开始将被更集中地审视和重估。\r\n</p>\r\n<p>\r\n	在一个变革的时代，新生事物与旧有体系的矛盾与冲突在所难免，但这些冲突也推动着利益相关群体去思考问题的症结所在，通过各方的携手努力实现新秩序的建立和产业的发展。也许，这就是百度作为先驱者探索的价值。\r\n</p>','','',156,13,1326769836,'true','',0),(14,1,4,0,'0,',-1,-1,'','CBSI全面牵手百度联盟蜜月吸金','','','','','admin','','','','“CBSI旗下所有媒体都跟百度有全面而深入的合作，我希望‘蜜月期’能一直持续下去。” CBSI(中国)高级副总裁刘小东在2011年百度联盟峰会上对记者说。\r\n作为全球最大的专业互动内容网络，2007年，CBSI中国的互联网业务翻开了全新一页，成为百度联盟中众多联盟伙伴的一员。这绝不是CBSI高层一拍脑袋所做出的行为，事实上，2007年时百度已覆盖全中国95%的网民，CBSI(中国)高级副总裁刘小东对此很有感触，“而且，百度的联盟合作伙伴在过去几年发展非常快”，这两点最终促成了CBSI与百度的牵手。\r\n蜜月“吸金”\r\n“达成3000万人民币是我们跟百度联盟合作的一个目标。”刘小东说。真正达成这个目标却比他预想的要快，“我们在2007年脱离Google系统，进入到百度系统，2008年比2007年我们的收入翻了10倍，当然也是因为2007年基数比较小的原因”。\r\nCBSI的追求不止于此。随后，无论是旗下1.0的媒体，还是2.0的社区，CBSI都将其纳入百度联盟系统。至此，CBSI开始了与百度的“蜜月期”，与百度进行全面合作。甚至2010年新收购的闺蜜网和周公解梦也被其迅速纳入百度联盟系统。“通过收入分成模式，百度的收益已经慢慢成为我们的一个重要收入来源。”刘小东坦言。\r\n除带来实实在在的收益外，百度还帮联盟伙伴节省了大量经费。刘小东以55BBS举例说，“作为一家2.0的社区网站，55BBS通过与百度联盟的合作，像百度统计、百度广告管家，都可以使用百度免费提供的，不用浪费资源自己再建一个强大的团队来做。”\r\n据百度财报数据，2004年百度联盟给伙伴分成达到1090万元，2010年百度联盟的分成收入达到了7.6亿，6年来，百度给联盟合作伙伴带来的收益增长了70倍，甚至超过自己的增长速度。2011年，百度将分给联盟合作伙伴多少？“突破10亿”，百度联盟总经理褚达晨很有信心。\r\n流量品牌双助益\r\n对于百度这些联盟伙伴来说，网站导流和品牌宣传也很关键。百度能否在这两方面交给联盟伙伴一份完美的答卷？刘小东给出的答案是肯定的。他还以 55BBS为例，这个女性的城市社区，涉及婚假、购物等众多领域，如果再建一个庞大销售团队的话，对资金链压力也颇大。“透过百度联盟的合作，包括鸿媒体，百度TV的合作，可以带给网站更多高质量内容的用户、客户。”他说。\r\n据悉，目前百度联盟注册会员近50万，针对他们在互联网创业生命周期中不同阶段的诉求，百度联盟从服务平台、成长计划、站长工具、沟通平台四个方面为会员提供着全方位的运营支持。\r\n刘小东对此深有体会，“包括常青藤、包括先锋论坛，可以给我们很多，让我们认识到国内更多的优秀的战略，优秀的互联网专家，让大家的知识汇聚在一起，让我们整个联盟伙伴对于互联网的应用能力包括技术开发能力都有所提高。”他认为，这些对增加网站管理人员的专业水平具有积极意义。\r\n2010年8月，百度联盟还推出“互联网创业者俱乐部”。成立以来，它开展了9场互联网培训活动，活动辐射全国数百万互联网创业者，其中，互联网的站长超过了1万名。从沟通、收益、成长、融资方面给予创业者支持。\r\n业内人士认为，百度对于合作伙伴的持续大力扶持，加之全面开放的战略，将帮助更多网站和网络开发者、创业者们更好地成长和成功，并带动整个产业进一步发展和繁荣，迎来一个全新的互联网开放时代。','','',162,14,1326769846,'true','',0),(15,1,4,0,'0,',-1,-1,'','2011中国慈善排行榜出炉 百度入选年度十大慈善企业','','','','','admin','','','','<p>\r\n	2011年4月26日，由民政部指导发布的第八届中国慈善排行榜在国家会议中心正式揭晓。百度作为唯一入围的互联网企业，获评年度十大慈善企业称号。\r\n</p>\r\n<p>\r\n	“在刚刚过去的2010年，百度用自己的努力和坚持，积极践行公益事业、回馈社会，这也是其此次获奖的原因所在。”大会主办方评价称，无论是成立百度公益基金会，用更专业的管理践行公益；还是推行“阳光行动”，荡涤互联网不良信息；或是积极投身教育，为乡村教师送到最新的资讯和最先进的课件；以及扶贫基金会联合启动“爱心包裹”，为孩子们送去欢笑，百度公益像七色阳光一样，看似平淡朴实，却有着阳光般的温暖和力量。\r\n</p>\r\n<p>\r\n	在颁奖仪式上，百度总裁助理张东晨表示，互联网时代的新公益已经成为媒体和社会普遍关注的热点话题，而互联网也已经成为社会了解公益信息、参与公益活动的主要渠道。“百度希望能以技术创新推动公益创新，充分利用互联网平台的影响力，在互联网推动公益事业方面有更大突破。”\r\n</p>\r\n<p>\r\n	近年来，百度先后参与并发起了一系列公益活动，今年初还特别成立了百度基金会，围绕知识教育、环境保护、灾难救助等领域，更加系统规范地管理和践行公益事业。就在几天前，百度一手打造的全国首个互联网公益开放平台也正式上线试运行，旨在为全国公益组织提供免费推广。目前，包括中国扶贫基金会、中国红十字会基金会、中国宋庆龄基金会在内的多家5A级公益机构已经成为这一公益平台的首批受益者，而其他有意向的公益机构目前也已经可以通过百度公益官方网站（gongyi.baidu.com）报名申请加入公益开放平台，经百度后台审核通过之后，公益组织即可获得百度的免费推广服务。预计未来几年，全国两千多家基金会也将陆续加入，从而形成透明度最高、参与规模最大、门槛最低的公益生态网络。\r\n</p>\r\n<p>\r\n	中国基金会中心网首席执行官程刚表示：“全民公益是公益发展的必然趋势。百度通过自身巨大的平台影响力和网络资源，为公益信息的公开和透明做出了巨大贡献。未来，希望有更多基金会和企业共同携手，更好地利用互联网来践行网络公益。”在他看来，百度在公益方面的系列举措，将充分调动和释放互联网平台在社会公益层面的影响力，为公众获取公益信息、参与公益行动提供更便捷畅通的渠道，进一步推动整个社会全民公益目标的实现。\r\n</p>\r\n<p>\r\n	就在此次入围民政部“年度十大慈善企业”榜单之前，百度刚刚荣获了中国扶贫基金会颁发的“中国全民公益突出贡献奖”。而历年来，“2010地球一小时企业最佳创意奖”、“中国企业社会责任特别大奖”等一连串沉甸甸的慈善及社会责任奖项，不仅是对百度在践行公益方面的认可，也意味着百度在公益创新发展的道路上，已经成为互联网行业的先锋力量。\r\n</p>','','',101,15,1326769867,'true','',0),(16,1,4,0,'0,',-1,-1,'','百度：构筑信息时代的全民公益','','','c,f','','admin','','','','<p>\r\n	红十字基金会、青少年基金会、扶贫基金会……这些公益机构的名称都是当下大多数人耳熟能详的，但是，如果要问这些机构的具体信息，旗下都有哪些具体的公益项目正在开展等，恐怕就不是所有人都清楚的了。一面是不断扩大的公益组织规模和民众热情，一面却因为信息传播不足，民众难以及时参与其中。如今，这一尴尬局面有望打破——近日，笔者上网时发现，在搜索引擎百度检索“中国扶贫基金会”等词语，在搜索结果页面最显著位置，能够直接看到该基金会的背景、账户等信息，基金会下的各种具体项目也都一目了然。笔者得知，这一功能的实现，源于百度打造的全国首个互联网公益开放平台的上线试运行。\r\n</p>\r\n<p>\r\n	除中国扶贫基金会外，目前，已经有包括中国红十字基金会、中国青少年基金会在内的近100家基金会或标杆公益项目加入了百度公益开放平台，并获得百度所提供的免费推广宣传资源。百度公益开放平台一期面向国内2000多家基金会开放测试，二期将辐射中国近百万注册NGO，从而覆盖整个中国公益圈，让公益信息在百度上触手可及。\r\n</p>\r\n<p>\r\n	<strong>信息时代的新公益</strong> \r\n</p>\r\n<p>\r\n	自成立之日起，百度就一直坚持 “让人们最便捷地获取信息，找到所求”的企业使命，充分利用自己的互联网及技术优势，来帮助人们平等地获取信息，并秉持责任承诺，在教育、环保、扶贫、赈灾等领域践行着自己弥合信息鸿沟、共享知识社会的企业公民理想，广受业界好评。\r\n</p>\r\n<p>\r\n	2008年12月，百度充分调动公司内部各种资源，帮助湖北秭归脐橙通过网络推广宣传、开拓销售渠道，短时间内卖出7万多吨脐橙；在汶川、玉树地震中，百度公司共捐助约1500多万元；此外，百度持续三年参与“爱心包裹”公益行动，2010年10月，百度打造了首款公益类优质资源应用——“保益悦听掌上盲道”网络平台，将百度为盲人获取信息的触角延伸到了手机之上，让数以万计的盲人用户可以通过手机来发短信、上网，让更多的弱势群体都能通过百度的平台领略互联网的科技魅力。\r\n</p>\r\n<p>\r\n	2011年1月，百度更是正式获批成立了百度公益基金会，目前正在搭建专业的管理团队，制定基金会的公益战略规划，基金会的关注方向将主要集中在资助青少年、弱势群体、贫困地区与公益机构提高信息技术应用水平，推动建立公益信息平台，资助救灾、教育、环保等公益项目。\r\n</p>\r\n<p>\r\n	<strong>构筑全民公益平台</strong> \r\n</p>\r\n<p>\r\n	在公益事业的践行上，百度早已走在产业前列，然而，百度的步伐不仅仅停留于此。\r\n</p>\r\n<p>\r\n	作为中国市值最大的互联网公司，近年来，百度更加重视的，是如何进一步发挥出核心的技术优势，以技术力量驱动公益创新，为更多企业、个人、公益组织、慈善机构提供更加广阔的互联网平台。\r\n</p>\r\n<p>\r\n	而此次百度公益开放平台破茧而出，面向全国公益组织，免费为其在互联网上做推广时，解决的则是目前公益界最为突出的问题——公益信息的集结、公开和透明。\r\n</p>\r\n<p>\r\n	正如Robin所说，“我们期待，通过网络的力量，公益的善举与精神能够与公众零距离接触。推动全社会公益氛围形成，使公益与空气和阳光一样触手可及。”未来，百度会立足核心科技、创新优势，驱动公益体系变革、创新、蓬勃发展。而在百度的榜样效应下，一个更开放、透明、规模更大的中国互联网公益生态圈正在形成，让网络改变公益，让公益触手可及。\r\n</p>','','',161,16,1326769881,'false','',0),(17,1,4,0,'0,',-1,-1,'','百度与Facebook成为全球成长最快品牌','','','','','admin','','','','<p>\r\n	2011年5月9日，世界顶级品牌沟通服务集团WPP旗下权威调研公司华通明略发布第六届年度“BrandZ 全球最具价值品牌100强 (BrandZ Top 100 Most Valuable Global Brands)”排行榜。其中，中国最大搜索引擎百度品牌价值排名全球第29位，与Facebook共同成为全球价值增长最快的品牌，并在科技类细分榜单中，成为跻身全球科技品牌10强的唯一中国公司。\r\n</p>\r\n<p>\r\n	据悉，“BrandZ 全球最具价值品牌100强”研究根据财务数据，结合品牌资产的消费者指标，分析得出品牌价值，并以此评出全球最具价值100个品牌。目前，该榜单已成为国际公认的最权威的品牌排行榜之一。在今年的百强榜中，百度由2010年的第75位跃升至第29位，品牌价值增长达141%，仅次于今年刚上榜排名第35位的Facebook，后者的品牌价值增长为246%。\r\n</p>\r\n<p>\r\n	2011年BrandZ报告指出，“随着中国13亿公民中越来越多的人开始使用互联网搜索，他们更多地倾向于使用百度。因为他们相信，百度能够更深入地理解中国的多元文化和语言中的细微差别。”\r\n</p>\r\n<p>\r\n	事实上，以“让人们最便捷地获取信息，找到所求”为使命的百度一直致力于为用户提供最优质的搜索体验。除了不断致力于技术、产品及服务创新，为网民提供了60余款与搜索相关的产品和服务外，加强在移动、SNS等新兴领域的战略部署外，百度CEO李彦宏还在2009年，创造性地提出了“框计算”理念，并相继推出数据及应用两大开放平台，推动更多优质的数据及应用资源与网民的需求直接对接，以实现“即搜即得”、“即搜即用”。目前，框计算已经影响了 63%以上的搜索结果，深受网民好评。而优质的用户体验，也使得百度以市场份额80%左右的绝对优势，持续领跑中国搜索引擎市场。\r\n</p>\r\n<p>\r\n	更值得关注的是，通过框计算及百度开放平台，百度为众多创业者和开发者提供了广阔的创业及创新平台，并帮助其从创新中受益和发展，百度对于互联网产业链发展及创新的影响力也正在逐渐释放。\r\n</p>\r\n<p>\r\n	百度品牌的快速增长，也得益于其在公益领域的突出贡献。自成立来，百度就一直致力于充分利用自己的互联网及技术优势，在教育、环保、扶贫、赈灾等领域践行着自己弥合信息鸿沟、共享知识社会的企业公民理想，广受业界好评。从帮助湖北秭归农民利用网络推广滞销脐橙,到捐资1500多万元、用于汶川及玉树等震区进行应急救灾和灾区重建工作；从打击互联网不良信息、净化产业环境的“阳光行动”，到帮助盲人创业者打造“掌上盲道”网络平台，让数以万计的盲人用户可以通过手机来发短信、上网；从成立百度公益基金会、用更加专业的管理专注于救灾、教育、环保等公益项目，到推出全国首个互联网公益开放平台、为全国公益组织提供免费推广，百度在积极践行公益事业、回馈社会的同时，也正使得公益的门槛不断降低，推动着互联网时代全民公益理想的实现。\r\n</p>\r\n<p>\r\n	分析人士认为，作为中国技术创新企业的杰出代表，百度公司成为全球成长最快的品牌之一并跻身全球科技品牌10强，体现了中国高科技企业蓬勃的生命力和巨大的发展潜力，也将激励更多中国品牌、尤其是中国科技品牌在世界的崛起。\r\n</p>','','',156,17,1326769895,'true','',0),(18,1,4,0,'0,',-1,-1,'','百度“发微” 一键群发催生“框微控”','','','','','admin','','','','<p>\r\n	计世网消息：网民“善变之图”曾是个地地道道的“状态控”，哪有好吃、好玩的，“善变之图”总是第一时间在即时聊天工具或社交网站的状态栏里同时更新。但当她开始发觉自己的状态总被各种日志、照片等社交信息淹没后，“善变之图”又成了彻头彻尾的“围脖控”，然而很快又有了新烦恼：为了兼顾几个微博帐户的粉丝，一条微博，要多次登录发好几遍。直到最近，她发现百度上竟然可以实现“微博群发”了，于是她又成为一个新“控”——“框微控”。\r\n</p>\r\n<p>\r\n	“框微”即“框发微博”，用户可直接通过这一应用，将微博内容同步发布到搜狐、腾讯、网易微博中。只要在百度搜索框中键入“发微博”，即可触发百度框计算的“微博在线群发”应用（如下图）。同时，选择并登录相应微博发布入口，即可一键群发一条微博内容到多个微博帐户。\r\n</p>\r\n<p>\r\n	笔者使用发现，除了通过“微博在线群发”实现框发微博，还可直接通过百度搜索框实现微博发布。当网友的搜索内容被百度自然语言识别为微博需求时，即会触发“框发微博”应用提示。如，输入“期待明天能有好天气”这类形同微博内容的语句，用户便可选择是否将内容发布到微博中，并点击实现。\r\n</p>\r\n<p>\r\n	据悉，自“框发微博”低调上线以来，该应用已在网友中日益风行起来，其新奇、简单、高效的微博体验也引发了广大用户的口碑相传。网友 “Harolden-霍大爷”便说：“百度推框发微博，感觉还真的蛮不错”。网友“烟雨画浓”也表示，在全国微博用户达到一亿之际，百度推出“框发微博” ，开启了一个全民微博时代。网友李元则更为宏观地评论到：“百度的发展速度真是快的让人无法想象，尤其是框计算提出以来，让你想不到的东西，一下就会出现在你的眼前。前面是哼唱搜索、百度识图，这不又来了，在百度就可发微博了，看来创新真的可以改变一切。”\r\n</p>\r\n<p>\r\n	百度相关负责人告诉记者：“由百度官方开发的‘框发微博’应用，目前仍处于成长期，尚只支持140字以内的文字内容和网址发布。未来，‘框发微博’ 还将基于用户的实际需求，增加对图片、视频等内容的发布，完善交互功能，扩展合作平台，以更好地实现一键群发微博的创新应用，降低用户的微博发布门槛，提升用户的微博体验。”在源源不绝的创新驱动和技术支持之下，也许我们可以预言，百度这个框除了“发微”，还要发威。\r\n</p>','','',60,18,1326769910,'true','',0),(19,1,4,0,'0,',-1,-1,'','爱佑华夏联合百度在京举办“爱由心生”慈善晚宴','','','h','','admin','','','2011年5月14日晚，国内首家非公募基金会爱佑华夏慈善基金会（简称爱佑华夏）联合百度公司在北京盘古酒店4层大宴会厅举办了以2011“爱由心生”为主题的慈善晚宴。','<p>\r\n	2011年5月14日晚，国内首家非公募基金会爱佑华夏慈善基金会（简称爱佑华夏）联合百度公司在北京盘古酒店4层大宴会厅举办了以2011“爱由心生”为主题的慈善晚宴。出席此次晚宴的嘉宾有爱佑华夏慈善基金会理事长王兵、百度公司董事长兼CEO李彦宏、新浪网CEO曹国伟、腾讯公司董事长马化腾、北京万通实业股份有限公司董事长冯仑、上海巨人网络科技有限公司董事长史玉柱、恒基兆业地产集团副主席李家杰等众多中国知名企业家，此次晚宴旨在向基金会的发起人、捐赠人和社会各界展示基金会7年多的发展历程和极致透明的特点，探讨爱佑华夏以及中国慈善基金会未来的发展前景。\r\n</p>\r\n<p>\r\n	目前，爱佑华夏慈善基金会已完成1万名先天心脏病儿童的救助工作，下一阶段将重点关注白血病儿童的救治和援助。今年是爱佑华夏基金成立七周年，百度公司董事长兼CEO李彦宏、新浪网CEO曹国伟受邀正式加入爱佑华夏慈善基金会并成为新的理事。爱佑华夏基金会理事、恒基兆业副主席李家杰宣布向基金会捐款1000万。\r\n</p>\r\n<p>\r\n	爱佑华夏慈善基金会理事长王兵表示，爱佑华夏已经成长为产品型基金会，随着基金会的发展规模和法律法规的完善，爱佑华夏也会出现新的变化。在未来5 到10年，爱佑华夏致力于发展为平台型的基金会，让更多的慈善组织都能通过这个平台找到合适的公益项目。把爱佑华夏打造为社区型的基金会，为慈善基金会的发展提供一个新的视角。愿意始终坚持以企业家的精神，让每一份捐赠不留遗憾的使命，以热忱、正直、高效、创新的价值观不断提醒每一位热心公益的爱心人士，给生命一次机会，给孩子一个未来，推动中国慈善事业的发展。\r\n</p>\r\n<hr style=\"page-break-after:always;\" class=\"ke-pagebreak\" /><p>\r\n	较早前，爱佑华夏基金也加入了百度公益开放平台，通过互联网的开放平台，为基金会及其下爱佑童心等公益项目在全国范围进行免费推广，集结全社会的爱心力量，让更多需要帮助的孩子通过网络平台得到救助。据悉，百度公益开放平台旨在为全国公益组织提供免费推广，将公益组织的官方权威信息及资源与公众直接对接，为公众了解公益信息提供便利；目前已有包括中国扶贫基金会、红十字会基金会、宋庆龄基金会等5A级基金会在内的首批公益机构加入。百度公益基金会秘书长张东晨表示：“百度公益基金会还将持续关注并支持爱佑华夏基金会各类慈善项目，在资助青少年、弱势群体、贫困地区与公益机构提高信息技术应用水平方面做更多贡献。”\r\n</p>','templates/default/images/imgdata/newsimg.png','',165,19,1326769925,'true','',0);
/*!40000 ALTER TABLE `pmw_infolist` ENABLE KEYS */;
UNLOCK TABLES;

--
-- Table structure for table `pmw_infosrc`
--

DROP TABLE IF EXISTS `pmw_infosrc`;
/*!40101 SET @saved_cs_client     = @@character_set_client */;
/*!40101 SET character_set_client = utf8 */;
CREATE TABLE `pmw_infosrc` (
  `id` smallint(5) unsigned NOT NULL AUTO_INCREMENT COMMENT '来源id',
  `srcname` varchar(30) NOT NULL COMMENT '来源名称',
  `linkurl` varchar(80) NOT NULL COMMENT '来源地址',
  `orderid` smallint(5) unsigned NOT NULL COMMENT '来源排序',
  PRIMARY KEY (`id`)
) ENGINE=MyISAM DEFAULT CHARSET=utf8;
/*!40101 SET character_set_client = @saved_cs_client */;

--
-- Dumping data for table `pmw_infosrc`
--

LOCK TABLES `pmw_infosrc` WRITE;
/*!40000 ALTER TABLE `pmw_infosrc` DISABLE KEYS */;
/*!40000 ALTER TABLE `pmw_infosrc` ENABLE KEYS */;
UNLOCK TABLES;

--
-- Table structure for table `pmw_job`
--

DROP TABLE IF EXISTS `pmw_job`;
/*!40101 SET @saved_cs_client     = @@character_set_client */;
/*!40101 SET character_set_client = utf8 */;
CREATE TABLE `pmw_job` (
  `id` mediumint(8) unsigned NOT NULL AUTO_INCREMENT COMMENT '招聘信息id',
  `siteid` smallint(5) unsigned NOT NULL DEFAULT '1' COMMENT '站点id',
  `title` varchar(50) NOT NULL COMMENT '位岗名称',
  `jobplace` varchar(80) NOT NULL COMMENT '工作地点',
  `jobdescription` varchar(50) NOT NULL COMMENT '工作性质',
  `employ` smallint(5) unsigned NOT NULL COMMENT '招聘人数',
  `jobsex` enum('0','1','2') NOT NULL COMMENT '性别要求',
  `treatment` varchar(50) NOT NULL COMMENT '工资待遇',
  `usefullife` varchar(50) NOT NULL COMMENT '有效期',
  `experience` varchar(50) NOT NULL COMMENT '工作经验',
  `education` varchar(80) NOT NULL COMMENT '学历要求',
  `joblang` varchar(50) NOT NULL COMMENT '言语能力',
  `workdesc` mediumtext NOT NULL COMMENT '职位描述',
  `content` mediumtext NOT NULL COMMENT '职位要求',
  `orderid` mediumint(8) unsigned NOT NULL COMMENT '排列排序',
  `posttime` int(10) unsigned NOT NULL COMMENT '更新时间',
  `checkinfo` enum('true','false') NOT NULL COMMENT '审核状态',
  PRIMARY KEY (`id`)
) ENGINE=MyISAM AUTO_INCREMENT=6 DEFAULT CHARSET=utf8;
/*!40101 SET character_set_client = @saved_cs_client */;

--
-- Dumping data for table `pmw_job`
--

LOCK TABLES `pmw_job` WRITE;
/*!40000 ALTER TABLE `pmw_job` DISABLE KEYS */;
INSERT INTO `pmw_job` VALUES (1,1,'销售运营专员','北京','市场及销售',1,'0','面议','6个月','2年以上','本科','较好','- 客户管理项目及系统功能推广，指导销售录入和管理客户信息数据&nbsp;<br />\r\n- 监控和维护CRM，监测数据异常并设置系统规则、参数，如行业，政策，销售范围等&nbsp;<br />\r\n- 通过数据分析监控客户开发情况，有重点分析并寻找客户开发规则及方法优化方案&nbsp;<br />\r\n- 根据销售、服务等业务需求处理数据，提供有效报告&nbsp;<br />\r\n- 监督销售员客户销售漏斗及拜访覆盖情况，及时反馈其各级主管并推动工作&nbsp;<br />\r\n- 合同流程管理及监控，对业务流进行分析和优化，如：合同审批流分析及优化&nbsp;<br />\r\n- 新产品流程、系统、产品线准备；老产品流程更新&nbsp;<br />\r\n- 协助部门管理相关工作，如销售人员KPI制定及计算&nbsp;<br />','<p>\r\n	- 本科以上学历，统计学、计算机或商业管理等相关专业 <br />\r\n- 一年以上互联网企业工作经验 <br />\r\n- 极强的数据分析和逻辑能力 <br />\r\n- 有优秀的统计学知识背景，并对商业运作有自身的理解 <br />\r\n- 熟悉excel、spss的使用及powerpoint的制作 <br />\r\n- 对数据库有一定了解，熟悉基本的使用操作 <br />\r\n- 学习能力强，责任心强，具有优秀的沟通表达和理解能力，团队合作能力 <br />\r\n- 思维活跃，有创新精神，能承受工作压力\r\n</p>',1,1326770483,'true'),(2,1,'IOS/Android无线研发工程师','上海','技术',0,'0','面议','3个月','2年以上','本科以以上学历','较好','- 负责垂直类目安卓、IOS系统的软件设计，研发&nbsp;<br />\r\n- 快速进行Demo研发&nbsp;<br />\r\n- 依据项目进度与需求，能按时完成所需功能开发&nbsp;<br />','<p>\r\n	- 本科或本科以上学历,计算机相关专业 <br />\r\n- 精通C/C++，熟悉Objective-C，有独立分析和解决问题的能力 <br />\r\n- 一年以上iPhone平台应用程序开发经验，有志于在手机平台方向发展，对技术有热忱 <br />\r\n- 熟悉手机应用软件的设计和开发；同时具有多种手机平台，IOS、android经验者优先 <br />\r\n- 学习能力强，拥有优秀的逻辑思维能力 <br />\r\n- 自我管理能力强，有良好的时间意识 <br />\r\n- 有较好的沟通交流能力\r\n</p>',2,1326770537,'true'),(3,1,'数据中心主管','北京','管理支持',1,'0','面议','1个月','5年以上管理经验','博士','较强','- 部门日常事务的协助与支持，活动组织、会务安排、会议记录等&nbsp;<br />\r\n- 整理周报及相关技术文档&nbsp;<br />\r\n- 协助负责人对项目进行技术评估及进度跟进&nbsp;<br />\r\n- 部门各项规章制度监督与执行&nbsp;<br />\r\n- 经理及项目负责人交办其他任务的督办、协调及落实&nbsp;<br />','<p>\r\n	- 大学本科以上，具有企业管理、市场营销、电子商务等专业知识 <br />\r\n- 一年以上电话销售相关工作经验专业技能 <br />\r\n- 认同公司企业文化，能够承受工作压力，有优秀的销售能力 <br />\r\n- 对客户信息采集有独到的见解 <br />\r\n- 具有优秀的组织和协调能力 <br />\r\n- 具有优秀的演讲和培训能力 <br />\r\n- 有学习意识和团队意识 <br />\r\n- 良好的服务意识、耐心和责任心，工作积极主动 <br />\r\n- 良好的语言表达能力和人际沟通能力\r\n</p>',3,1326770577,'true'),(4,1,'软件配置管理工程师','北京','技术',3,'0','面议','长期','2年以上','本科','较好','（至少包含下列一项）&nbsp;<br />\r\n- 部门版本控制系统的维护&nbsp;<br />\r\n- 软件的版本控制&nbsp;<br />\r\n- 版本控制，软件构建工具的开发<br />','<p>\r\n	- 熟悉CVS,SVN；<br />\r\n- 熟悉软件配置管理、产品数据管理的相关理论； <br />\r\n- 熟悉软件开发过程； <br />\r\n- 熟悉Linux系统基础操作和命令，及Linux环境下版本构建，软件部署； <br />\r\n- 有Python,Perl, ,Shell其中之一脚本语言编程经验者优先考虑； <br />\r\n- 有构建持续集成经验者优先。\r\n</p>',4,1326770633,'true'),(5,1,'高级软件工程师(Java)','上海','技术',6,'0','面议','长期','2年以上开发经验','不限制','英语四级','- 承担商业产品业务系统功能模块的设计开发工作&nbsp;<br />\r\n- 开展Java相关技术的调研工作&nbsp;<br />\r\n- 采用敏捷的软件流程方法推进项目实施&nbsp;<br />','<p>\r\n	- 深刻理解OOA/OOD/OOP编程思想,掌握多种常用的设计模式 <br />\r\n- 熟悉现有主流的java框架(Spring、Struts、Spring mvc、Hibernate、Ibatis、Freemarker等)的基本原理，具备基于之上研发能力<br />\r\n- 关注新技术，了解Groovy，Jruby，熟悉ROR、COC、RESTful编程风格 <br />\r\n- 热爱软件开发，编码基本功扎实，追求完美，有上进心和很强的学习能力 <br />\r\n- 有丰富的web架构设计经验，对web站点的性能调优、站点扩展和内容集成有深刻的理解 <br />\r\n- 熟悉cache原理及主流的cache框架，有集群系统的开发经验优先考虑 <br />\r\n- 有软件项目管理、企业知识管理、研发流程体系管理经验者优先考虑 <br />\r\n- 有互联网互动产品设计开发经验、企业搜索经验者优先考虑 <br />\r\n- 此职位需要三年以上的软件产品研发经验\r\n</p>',5,1326770671,'true');
/*!40000 ALTER TABLE `pmw_job` ENABLE KEYS */;
UNLOCK TABLES;

--
-- Table structure for table `pmw_lnk`
--

DROP TABLE IF EXISTS `pmw_lnk`;
/*!40101 SET @saved_cs_client     = @@character_set_client */;
/*!40101 SET character_set_client = utf8 */;
CREATE TABLE `pmw_lnk` (
  `id` smallint(5) unsigned NOT NULL AUTO_INCREMENT COMMENT '快捷方式id',
  `lnkname` varchar(30) NOT NULL COMMENT '快捷方式名称',
  `lnklink` varchar(50) NOT NULL COMMENT '跳转链接',
  `lnkico` varchar(50) NOT NULL COMMENT 'ico地址',
  `orderid` smallint(5) unsigned NOT NULL COMMENT '排列排序',
  PRIMARY KEY (`id`)
) ENGINE=MyISAM AUTO_INCREMENT=5 DEFAULT CHARSET=utf8;
/*!40101 SET character_set_client = @saved_cs_client */;

--
-- Dumping data for table `pmw_lnk`
--

LOCK TABLES `pmw_lnk` WRITE;
/*!40000 ALTER TABLE `pmw_lnk` DISABLE KEYS */;
INSERT INTO `pmw_lnk` VALUES (1,'栏目管理','infoclass.php','templates/images/lnkBg01.png',1),(2,'列表管理','infolist.php','templates/images/lnkBg02.png',2),(3,'图片管理','infoimg.php','templates/images/lnkBg03.png',3),(4,'商品管理','goods.php','templates/images/lnkBg04.png',4);
/*!40000 ALTER TABLE `pmw_lnk` ENABLE KEYS */;
UNLOCK TABLES;

--
-- Table structure for table `pmw_maintype`
--

DROP TABLE IF EXISTS `pmw_maintype`;
/*!40101 SET @saved_cs_client     = @@character_set_client */;
/*!40101 SET character_set_client = utf8 */;
CREATE TABLE `pmw_maintype` (
  `id` smallint(5) unsigned NOT NULL AUTO_INCREMENT COMMENT '二级类别id',
  `siteid` smallint(5) unsigned NOT NULL DEFAULT '1' COMMENT '站点id',
  `parentid` smallint(5) unsigned NOT NULL COMMENT '类别上级id',
  `parentstr` varchar(50) NOT NULL COMMENT '类别上级id字符串',
  `classname` varchar(30) NOT NULL COMMENT '类别名称',
  `orderid` smallint(5) unsigned NOT NULL COMMENT '排列排序',
  `checkinfo` enum('true','false') NOT NULL COMMENT '审核状态',
  PRIMARY KEY (`id`)
) ENGINE=MyISAM DEFAULT CHARSET=utf8;
/*!40101 SET character_set_client = @saved_cs_client */;

--
-- Dumping data for table `pmw_maintype`
--

LOCK TABLES `pmw_maintype` WRITE;
/*!40000 ALTER TABLE `pmw_maintype` DISABLE KEYS */;
/*!40000 ALTER TABLE `pmw_maintype` ENABLE KEYS */;
UNLOCK TABLES;

--
-- Table structure for table `pmw_member`
--

DROP TABLE IF EXISTS `pmw_member`;
/*!40101 SET @saved_cs_client     = @@character_set_client */;
/*!40101 SET character_set_client = utf8 */;
CREATE TABLE `pmw_member` (
  `id` int(10) unsigned NOT NULL AUTO_INCREMENT COMMENT '用户id',
  `username` varchar(32) NOT NULL COMMENT '用户名',
  `password` varchar(32) NOT NULL COMMENT '密码',
  `question` varchar(50) NOT NULL COMMENT '提问',
  `answer` varchar(50) NOT NULL COMMENT '回答',
  `cnname` varchar(10) NOT NULL COMMENT '姓名',
  `enname` varchar(20) NOT NULL COMMENT '英文名',
  `avatar` varchar(100) NOT NULL COMMENT '头像',
  `sex` tinyint(1) unsigned NOT NULL COMMENT '性别',
  `birthtype` tinyint(1) unsigned NOT NULL COMMENT '生日类型',
  `birth_year` varchar(10) NOT NULL DEFAULT '-1' COMMENT '生日_年',
  `birth_month` varchar(10) NOT NULL DEFAULT '-1' COMMENT '生日_月',
  `birth_day` varchar(10) NOT NULL DEFAULT '-1' COMMENT '生日_日',
  `astro` varchar(10) NOT NULL DEFAULT '-1' COMMENT '星座',
  `bloodtype` tinyint(2) NOT NULL DEFAULT '-1' COMMENT '血型',
  `trade` varchar(10) NOT NULL DEFAULT '-1' COMMENT '行业',
  `live_prov` varchar(10) NOT NULL DEFAULT '-1' COMMENT '现居地_省',
  `live_city` varchar(10) NOT NULL DEFAULT '-1' COMMENT '现居地_市',
  `live_country` varchar(15) NOT NULL DEFAULT '-1' COMMENT '现居地_区',
  `home_prov` varchar(10) NOT NULL DEFAULT '-1' COMMENT '故乡_省',
  `home_city` varchar(10) NOT NULL DEFAULT '-1' COMMENT '故乡_市',
  `home_country` varchar(15) NOT NULL DEFAULT '-1' COMMENT '故乡_区',
  `cardtype` tinyint(2) NOT NULL DEFAULT '-1' COMMENT '证件类型',
  `cardnum` varchar(32) NOT NULL COMMENT '证件号码',
  `intro` text NOT NULL COMMENT '个人说明',
  `email` varchar(40) NOT NULL COMMENT '电子邮件',
  `qqnum` varchar(20) NOT NULL COMMENT 'QQ号码',
  `mobile` varchar(20) NOT NULL COMMENT '手机',
  `telephone` varchar(20) NOT NULL COMMENT '固定电话',
  `address_prov` varchar(10) NOT NULL DEFAULT '-1' COMMENT '通信地址_省',
  `address_city` varchar(10) NOT NULL DEFAULT '-1' COMMENT '通信地址_市',
  `address_country` varchar(15) NOT NULL DEFAULT '-1' COMMENT '通信地址_区',
  `address` varchar(100) NOT NULL COMMENT '通信地址',
  `zipcode` varchar(10) NOT NULL COMMENT '邮编',
  `enteruser` set('1') NOT NULL COMMENT '认证',
  `expval` int(10) NOT NULL COMMENT '经验值',
  `integral` int(10) unsigned NOT NULL COMMENT '积分',
  `regtime` int(10) unsigned NOT NULL COMMENT '注册时间',
  `regip` varchar(20) NOT NULL COMMENT '注册IP',
  `logintime` int(10) unsigned NOT NULL COMMENT '登录时间',
  `loginip` varchar(20) NOT NULL COMMENT '登录IP',
  `qqid` varchar(32) NOT NULL COMMENT '绑定QQ',
  `weiboid` varchar(32) NOT NULL COMMENT '绑定微博',
  PRIMARY KEY (`id`)
) ENGINE=MyISAM AUTO_INCREMENT=3 DEFAULT CHARSET=utf8;
/*!40101 SET character_set_client = @saved_cs_client */;

--
-- Dumping data for table `pmw_member`
--

LOCK TABLES `pmw_member` WRITE;
/*!40000 ALTER TABLE `pmw_member` DISABLE KEYS */;
INSERT INTO `pmw_member` VALUES (1,'testuser','85f0fb9cc2792a9b87e3b3facccedc40','6','你猜呢','测试账号','TestUser','',0,0,'-1','-1','-1','-1',-1,'-1','-1','-1','--','-1','-1','--',-1,'','','webmaster@phpmywind.com','','','','-1','-1','-1','','','1',1000,0,1350904403,'127.0.0.1',1350904403,'127.0.0.1','',''),(2,'test123','14e1b600b1fd579f47433b88e8d85291','','','','','',0,0,'-1','-1','-1','-1',-1,'-1','-1','-1','-1','-1','-1','-1',-1,'','','1@qwe.com','','','','-1','-1','-1','','','',10,0,1526890696,'172.17.0.1',1526890696,'172.17.0.1','','');
/*!40000 ALTER TABLE `pmw_member` ENABLE KEYS */;
UNLOCK TABLES;

--
-- Table structure for table `pmw_message`
--

DROP TABLE IF EXISTS `pmw_message`;
/*!40101 SET @saved_cs_client     = @@character_set_client */;
/*!40101 SET character_set_client = utf8 */;
CREATE TABLE `pmw_message` (
  `id` mediumint(8) unsigned NOT NULL AUTO_INCREMENT COMMENT '留言id',
  `siteid` smallint(5) unsigned NOT NULL DEFAULT '1' COMMENT '站点id',
  `nickname` varchar(30) NOT NULL COMMENT '昵称',
  `contact` varchar(50) NOT NULL COMMENT '联系方式',
  `content` text NOT NULL COMMENT '留言内容',
  `htop` set('true') NOT NULL COMMENT '置顶',
  `rtop` set('true') NOT NULL COMMENT '推荐',
  `ip` char(20) NOT NULL COMMENT '留言IP',
  `recont` text NOT NULL COMMENT '回复内容',
  `retime` int(10) unsigned NOT NULL COMMENT '回复时间',
  `orderid` mediumint(8) unsigned NOT NULL COMMENT '排列排序',
  `posttime` int(10) unsigned NOT NULL COMMENT '更新时间',
  `checkinfo` enum('true','false') NOT NULL COMMENT '审核状态',
  PRIMARY KEY (`id`)
) ENGINE=MyISAM AUTO_INCREMENT=2 DEFAULT CHARSET=utf8;
/*!40101 SET character_set_client = @saved_cs_client */;

--
-- Dumping data for table `pmw_message`
--

LOCK TABLES `pmw_message` WRITE;
/*!40000 ALTER TABLE `pmw_message` DISABLE KEYS */;
INSERT INTO `pmw_message` VALUES (1,1,'游客','QQ：10000','站点很好很漂亮，超喜欢，赞！','','true','127.0.0.1','感谢您的留言！',1326770722,1,1326770722,'true');
/*!40000 ALTER TABLE `pmw_message` ENABLE KEYS */;
UNLOCK TABLES;

--
-- Table structure for table `pmw_nav`
--

DROP TABLE IF EXISTS `pmw_nav`;
/*!40101 SET @saved_cs_client     = @@character_set_client */;
/*!40101 SET character_set_client = utf8 */;
CREATE TABLE `pmw_nav` (
  `id` smallint(5) unsigned NOT NULL AUTO_INCREMENT COMMENT '导航id',
  `siteid` smallint(5) unsigned NOT NULL DEFAULT '1' COMMENT '站点id',
  `parentid` smallint(5) unsigned NOT NULL COMMENT '导航分类',
  `parentstr` varchar(50) NOT NULL COMMENT '导航分类父id字符串',
  `classname` varchar(30) NOT NULL COMMENT '导航名称',
  `linkurl` varchar(255) NOT NULL COMMENT '跳转链接',
  `relinkurl` varchar(255) NOT NULL COMMENT '重写地址',
  `picurl` varchar(100) NOT NULL COMMENT '导航图片',
  `target` varchar(30) NOT NULL COMMENT '打开方式',
  `orderid` smallint(5) unsigned NOT NULL COMMENT '排列排序',
  `checkinfo` enum('true','false') NOT NULL COMMENT '隐藏导航',
  PRIMARY KEY (`id`)
) ENGINE=MyISAM AUTO_INCREMENT=15 DEFAULT CHARSET=utf8;
/*!40101 SET character_set_client = @saved_cs_client */;

--
-- Dumping data for table `pmw_nav`
--

LOCK TABLES `pmw_nav` WRITE;
/*!40000 ALTER TABLE `pmw_nav` DISABLE KEYS */;
INSERT INTO `pmw_nav` VALUES (1,1,0,'0,','主菜单','#','','','',1,'true'),(2,1,1,'0,1,','首　页','index.php','index.html','','',2,'true'),(3,1,1,'0,1,','关于我们','about.php','about-2-1.html','','',3,'true'),(4,1,1,'0,1,','新闻中心','news.php','news-4-1.html','','',4,'true'),(5,1,1,'0,1,','产品展示','product.php','product-5-1.html','','',5,'true'),(6,1,1,'0,1,','案例展示','case.php','case-8-1.html','','',6,'true'),(7,1,1,'0,1,','人才招聘','join.php','join-1.html','','',7,'true'),(8,1,1,'0,1,','客户留言','message.php','message-1.html','','',8,'true'),(9,1,1,'0,1,','联系我们','contact.php','contact-9-1.html','','',9,'true'),(10,1,5,'0,1,5,','笔记本电脑','product.php?cid=6','product-6-1.html','','',10,'true'),(11,1,5,'0,1,5,','智能手机','product.php?cid=7','product-7-1.html','','',11,'true'),(12,1,1,'0,1','更多','javascript:;','','','',12,'true'),(13,1,12,'0,1,12,','软件下载','soft.php','soft-11-1.html','','',13,'true'),(14,1,12,'0,1,12,','商品展示','goods.php','goods-12-0-1.html','','',14,'true');
/*!40000 ALTER TABLE `pmw_nav` ENABLE KEYS */;
UNLOCK TABLES;

--
-- Table structure for table `pmw_paymode`
--

DROP TABLE IF EXISTS `pmw_paymode`;
/*!40101 SET @saved_cs_client     = @@character_set_client */;
/*!40101 SET character_set_client = utf8 */;
CREATE TABLE `pmw_paymode` (
  `id` smallint(5) unsigned NOT NULL AUTO_INCREMENT COMMENT '支付方式id',
  `classname` varchar(30) NOT NULL COMMENT '支付方式名称',
  `orderid` smallint(5) unsigned NOT NULL COMMENT '排列排序',
  `checkinfo` enum('true','false') NOT NULL COMMENT '审核状态',
  PRIMARY KEY (`id`)
) ENGINE=MyISAM AUTO_INCREMENT=3 DEFAULT CHARSET=utf8;
/*!40101 SET character_set_client = @saved_cs_client */;

--
-- Dumping data for table `pmw_paymode`
--

LOCK TABLES `pmw_paymode` WRITE;
/*!40000 ALTER TABLE `pmw_paymode` DISABLE KEYS */;
INSERT INTO `pmw_paymode` VALUES (1,'在线支付',1,'true'),(2,'货到付款',2,'true');
/*!40000 ALTER TABLE `pmw_paymode` ENABLE KEYS */;
UNLOCK TABLES;

--
-- Table structure for table `pmw_postmode`
--

DROP TABLE IF EXISTS `pmw_postmode`;
/*!40101 SET @saved_cs_client     = @@character_set_client */;
/*!40101 SET character_set_client = utf8 */;
CREATE TABLE `pmw_postmode` (
  `id` smallint(5) unsigned NOT NULL AUTO_INCREMENT COMMENT '配送方式id',
  `classname` varchar(30) NOT NULL COMMENT '配送方式',
  `postprice` varchar(10) NOT NULL COMMENT '配送价格',
  `orderid` smallint(5) unsigned NOT NULL COMMENT '排列排序',
  `checkinfo` enum('true','false') NOT NULL COMMENT '审核状态',
  PRIMARY KEY (`id`)
) ENGINE=MyISAM AUTO_INCREMENT=6 DEFAULT CHARSET=utf8;
/*!40101 SET character_set_client = @saved_cs_client */;

--
-- Dumping data for table `pmw_postmode`
--

LOCK TABLES `pmw_postmode` WRITE;
/*!40000 ALTER TABLE `pmw_postmode` DISABLE KEYS */;
INSERT INTO `pmw_postmode` VALUES (1,'申通','15',1,'true'),(2,'中通','15',2,'true'),(3,'圆通','15',3,'true'),(4,'顺丰','22',4,'true'),(5,'EMS','20',5,'true');
/*!40000 ALTER TABLE `pmw_postmode` ENABLE KEYS */;
UNLOCK TABLES;

--
-- Table structure for table `pmw_site`
--

DROP TABLE IF EXISTS `pmw_site`;
/*!40101 SET @saved_cs_client     = @@character_set_client */;
/*!40101 SET character_set_client = utf8 */;
CREATE TABLE `pmw_site` (
  `id` smallint(5) unsigned NOT NULL AUTO_INCREMENT COMMENT '站点ID',
  `sitename` varchar(30) NOT NULL COMMENT '站点名称',
  `sitekey` varchar(30) NOT NULL COMMENT '站点标识',
  `sitelang` varchar(50) NOT NULL COMMENT '站点语言包',
  PRIMARY KEY (`id`)
) ENGINE=MyISAM AUTO_INCREMENT=2 DEFAULT CHARSET=utf8;
/*!40101 SET character_set_client = @saved_cs_client */;

--
-- Dumping data for table `pmw_site`
--

LOCK TABLES `pmw_site` WRITE;
/*!40000 ALTER TABLE `pmw_site` DISABLE KEYS */;
INSERT INTO `pmw_site` VALUES (1,'默认站点','zh_CN','zh_CN');
/*!40000 ALTER TABLE `pmw_site` ENABLE KEYS */;
UNLOCK TABLES;

--
-- Table structure for table `pmw_soft`
--

DROP TABLE IF EXISTS `pmw_soft`;
/*!40101 SET @saved_cs_client     = @@character_set_client */;
/*!40101 SET character_set_client = utf8 */;
CREATE TABLE `pmw_soft` (
  `id` int(10) unsigned NOT NULL AUTO_INCREMENT COMMENT '软件信息id',
  `siteid` smallint(5) unsigned NOT NULL DEFAULT '1' COMMENT '站点id',
  `classid` smallint(5) unsigned NOT NULL COMMENT '所属栏目id',
  `parentid` smallint(5) unsigned NOT NULL COMMENT '所属栏目上级id',
  `parentstr` varchar(80) NOT NULL COMMENT '所属栏目上级id字符串',
  `mainid` smallint(5) NOT NULL COMMENT '二级类别id',
  `mainpid` smallint(5) NOT NULL COMMENT '二级类别父id',
  `mainpstr` varchar(80) NOT NULL COMMENT '二级累呗父id字符串',
  `title` varchar(80) NOT NULL COMMENT '标题',
  `colorval` char(10) NOT NULL COMMENT '字体颜色',
  `boldval` char(10) NOT NULL COMMENT '字体加粗',
  `flag` varchar(30) NOT NULL COMMENT '属性',
  `filetype` char(4) NOT NULL COMMENT '文件类型',
  `softtype` char(10) NOT NULL COMMENT '软件类型',
  `language` char(10) NOT NULL COMMENT '界面语言',
  `accredit` char(10) NOT NULL COMMENT '授权方式',
  `softsize` varchar(10) NOT NULL COMMENT '软件大小',
  `unit` char(4) NOT NULL COMMENT '软件大小单位',
  `runos` varchar(50) NOT NULL COMMENT '运行环境',
  `website` varchar(255) NOT NULL COMMENT '官方网站',
  `demourl` varchar(255) NOT NULL COMMENT '演示地址',
  `dlurl` varchar(255) NOT NULL COMMENT '下载地址',
  `source` varchar(50) NOT NULL COMMENT '文章来源',
  `author` varchar(50) NOT NULL COMMENT '作者编辑',
  `linkurl` varchar(255) NOT NULL COMMENT '跳转链接',
  `keywords` varchar(50) NOT NULL COMMENT '关键字',
  `description` varchar(255) NOT NULL COMMENT '描述',
  `content` mediumtext NOT NULL COMMENT '内容',
  `picurl` varchar(100) NOT NULL COMMENT '缩略图片',
  `picarr` text NOT NULL COMMENT '组图',
  `hits` mediumint(8) unsigned NOT NULL COMMENT '点击次数',
  `orderid` int(10) unsigned NOT NULL COMMENT '排列排序',
  `posttime` int(10) NOT NULL COMMENT '更新时间',
  `checkinfo` enum('true','false') NOT NULL COMMENT '审核状态',
  `delstate` set('true') NOT NULL COMMENT '删除状态',
  `deltime` int(10) unsigned NOT NULL COMMENT '删除时间',
  PRIMARY KEY (`id`)
) ENGINE=MyISAM AUTO_INCREMENT=3 DEFAULT CHARSET=utf8;
/*!40101 SET character_set_client = @saved_cs_client */;

--
-- Dumping data for table `pmw_soft`
--

LOCK TABLES `pmw_soft` WRITE;
/*!40000 ALTER TABLE `pmw_soft` DISABLE KEYS */;
INSERT INTO `pmw_soft` VALUES (1,1,11,0,'0,',-1,-1,'','腾讯QQ','','','','.exe','国产软件','简体中文','免费软件','51.3','MB','Win7/WinXP/WinNT','http://im.qq.com/','http://im.qq.com/','http://im.qq.com/','','admin','','QQ,QQ2012,腾讯QQ2012','免费的即时通讯平台，带来更多的沟通乐趣。','腾讯推出的即时通讯工具。支持在线聊天、视频电话、点对点断点续传文件、共享文件、网络硬盘、自定义面板、QQ邮箱等多种功能。免费的通讯平台，给您带来更多沟通乐趣。','templates/default/images/imgdata/qqlogo.gif','',132,1,1346030443,'true','',0),(2,1,11,0,'0,',-1,-1,'','掌上百度','','','','.rar','国产软件','简体中文','免费软件','2.8','MB','Win7/WinXP/WinNT','http://shouji.baidu.com/','http://shouji.baidu.com/zhangbai/indexb.html','http://shouji.baidu.com/zhangbai/indexb.html','','admin','','','掌上百度是百度公司专门为手机用户打造的一款客户端软件。','掌上百度是百度公司专门为手机用户打造的一款客户端软件。除了强大的无线搜索功能外，还整合了百度贴吧、知道这两个最大的社区平台。即使没有电脑，你也可以轻松享用百度的产品和服务，绝对是你出门在外、上下班途中、课间休闲时的绝佳伴侣！<br />\r\n<br />\r\n掌上百度将带给你全新的手机上网的体验。界面简洁、清晰，完全免费。<br />\r\n<br />\r\n掌上百度专门为手机用户精心设计了人性化的功能，你可以直接拍照上传至贴吧及知道，用于发贴、提问，并且全过程都没有验证码的干扰。有了掌上百度，你可以不受终端限制、随时随地、轻松自如地和兴趣相投的网友讨论交流。<br />\r\n<br />\r\n掌上百度还有许多贴心实用的小功能，比如实时更新当前最新最热的关键词；根据你当前所在位置，实时更新所在城市天气；保留你的搜索历史、关键词，减少手机输入带来的不便……<br />\r\n<br />\r\n马上下载掌上百度，体验一下无“线”的乐趣吧~！','templates/default/images/imgdata/mobliebaidulogo.jpg','',241,2,1346033182,'true','',0);
/*!40000 ALTER TABLE `pmw_soft` ENABLE KEYS */;
UNLOCK TABLES;

--
-- Table structure for table `pmw_sysevent`
--

DROP TABLE IF EXISTS `pmw_sysevent`;
/*!40101 SET @saved_cs_client     = @@character_set_client */;
/*!40101 SET character_set_client = utf8 */;
CREATE TABLE `pmw_sysevent` (
  `id` int(11) unsigned NOT NULL AUTO_INCREMENT COMMENT '信息id',
  `uname` varchar(30) NOT NULL COMMENT '用户名',
  `siteid` tinyint(1) unsigned NOT NULL COMMENT '站点id',
  `model` varchar(30) NOT NULL COMMENT '操作模块',
  `classid` int(10) unsigned NOT NULL COMMENT '栏目id',
  `action` varchar(10) NOT NULL COMMENT '执行操作',
  `posttime` int(10) NOT NULL COMMENT '操作时间',
  `ip` varchar(20) NOT NULL COMMENT '操作ip',
  PRIMARY KEY (`id`)
) ENGINE=MyISAM DEFAULT CHARSET=utf8;
/*!40101 SET character_set_client = @saved_cs_client */;

--
-- Dumping data for table `pmw_sysevent`
--

LOCK TABLES `pmw_sysevent` WRITE;
/*!40000 ALTER TABLE `pmw_sysevent` DISABLE KEYS */;
/*!40000 ALTER TABLE `pmw_sysevent` ENABLE KEYS */;
UNLOCK TABLES;

--
-- Table structure for table `pmw_uploads`
--

DROP TABLE IF EXISTS `pmw_uploads`;
/*!40101 SET @saved_cs_client     = @@character_set_client */;
/*!40101 SET character_set_client = utf8 */;
CREATE TABLE `pmw_uploads` (
  `id` mediumint(10) unsigned NOT NULL AUTO_INCREMENT COMMENT '上传信息id',
  `name` varchar(30) NOT NULL COMMENT '文件名称',
  `path` varchar(100) NOT NULL COMMENT '文件路径',
  `size` int(10) NOT NULL COMMENT '文件大小',
  `type` enum('image','soft','media') NOT NULL COMMENT '文件类型',
  `posttime` int(10) NOT NULL COMMENT '上传日期',
  PRIMARY KEY (`id`)
) ENGINE=MyISAM DEFAULT CHARSET=utf8;
/*!40101 SET character_set_client = @saved_cs_client */;

--
-- Dumping data for table `pmw_uploads`
--

LOCK TABLES `pmw_uploads` WRITE;
/*!40000 ALTER TABLE `pmw_uploads` DISABLE KEYS */;
/*!40000 ALTER TABLE `pmw_uploads` ENABLE KEYS */;
UNLOCK TABLES;

--
-- Table structure for table `pmw_usercomment`
--

DROP TABLE IF EXISTS `pmw_usercomment`;
/*!40101 SET @saved_cs_client     = @@character_set_client */;
/*!40101 SET character_set_client = utf8 */;
CREATE TABLE `pmw_usercomment` (
  `id` int(10) unsigned NOT NULL AUTO_INCREMENT COMMENT '评论id',
  `aid` int(10) unsigned NOT NULL COMMENT '信息id',
  `molds` tinyint(1) unsigned NOT NULL COMMENT '信息类型',
  `uid` int(10) unsigned NOT NULL COMMENT '用户id',
  `uname` varchar(20) NOT NULL COMMENT '用户名',
  `body` text NOT NULL COMMENT '评论内容',
  `reply` text NOT NULL COMMENT '回复内容',
  `link` varchar(200) NOT NULL COMMENT '评论网址',
  `time` int(10) unsigned NOT NULL COMMENT '评论时间',
  `ip` varchar(30) NOT NULL COMMENT '评论ip',
  `isshow` tinyint(1) unsigned NOT NULL COMMENT '是否显示',
  PRIMARY KEY (`id`)
) ENGINE=MyISAM DEFAULT CHARSET=utf8;
/*!40101 SET character_set_client = @saved_cs_client */;

--
-- Dumping data for table `pmw_usercomment`
--

LOCK TABLES `pmw_usercomment` WRITE;
/*!40000 ALTER TABLE `pmw_usercomment` DISABLE KEYS */;
/*!40000 ALTER TABLE `pmw_usercomment` ENABLE KEYS */;
UNLOCK TABLES;

--
-- Table structure for table `pmw_userfavorite`
--

DROP TABLE IF EXISTS `pmw_userfavorite`;
/*!40101 SET @saved_cs_client     = @@character_set_client */;
/*!40101 SET character_set_client = utf8 */;
CREATE TABLE `pmw_userfavorite` (
  `id` int(10) unsigned NOT NULL AUTO_INCREMENT COMMENT '收藏id',
  `aid` int(10) unsigned NOT NULL COMMENT '信息id',
  `molds` tinyint(1) unsigned NOT NULL COMMENT '信息类型',
  `uid` int(10) unsigned NOT NULL COMMENT '用户id',
  `uname` varchar(20) NOT NULL COMMENT '用户名',
  `link` varchar(200) NOT NULL COMMENT '收藏网址',
  `time` int(10) unsigned NOT NULL COMMENT '评论时间',
  `ip` varchar(30) NOT NULL COMMENT '评论ip',
  `isshow` tinyint(1) unsigned NOT NULL COMMENT '是否显示',
  PRIMARY KEY (`id`)
) ENGINE=MyISAM DEFAULT CHARSET=utf8;
/*!40101 SET character_set_client = @saved_cs_client */;

--
-- Dumping data for table `pmw_userfavorite`
--

LOCK TABLES `pmw_userfavorite` WRITE;
/*!40000 ALTER TABLE `pmw_userfavorite` DISABLE KEYS */;
/*!40000 ALTER TABLE `pmw_userfavorite` ENABLE KEYS */;
UNLOCK TABLES;

--
-- Table structure for table `pmw_usergroup`
--

DROP TABLE IF EXISTS `pmw_usergroup`;
/*!40101 SET @saved_cs_client     = @@character_set_client */;
/*!40101 SET character_set_client = utf8 */;
CREATE TABLE `pmw_usergroup` (
  `id` smallint(5) unsigned NOT NULL AUTO_INCREMENT COMMENT '用户组id',
  `groupname` varchar(30) NOT NULL COMMENT '用户组名称',
  `expvala` int(11) NOT NULL COMMENT '用户组经验介于a',
  `expvalb` int(11) NOT NULL COMMENT '用户组经验介于b',
  `stars` int(10) unsigned NOT NULL COMMENT '星星数',
  `color` varchar(10) NOT NULL COMMENT '头衔颜色',
  PRIMARY KEY (`id`)
) ENGINE=MyISAM AUTO_INCREMENT=7 DEFAULT CHARSET=utf8;
/*!40101 SET character_set_client = @saved_cs_client */;

--
-- Dumping data for table `pmw_usergroup`
--

LOCK TABLES `pmw_usergroup` WRITE;
/*!40000 ALTER TABLE `pmw_usergroup` DISABLE KEYS */;
INSERT INTO `pmw_usergroup` VALUES (1,'禁止访问',-99999,0,0,''),(2,'新手会员',1,50,1,''),(3,'初级会员',51,200,4,''),(4,'中级会员',201,500,8,''),(5,'高级会员',501,1000,12,''),(6,'金牌会员',1001,3000,16,'');
/*!40000 ALTER TABLE `pmw_usergroup` ENABLE KEYS */;
UNLOCK TABLES;

--
-- Table structure for table `pmw_vote`
--

DROP TABLE IF EXISTS `pmw_vote`;
/*!40101 SET @saved_cs_client     = @@character_set_client */;
/*!40101 SET character_set_client = utf8 */;
CREATE TABLE `pmw_vote` (
  `id` smallint(5) unsigned NOT NULL AUTO_INCREMENT COMMENT '投票id',
  `siteid` smallint(5) unsigned NOT NULL DEFAULT '1' COMMENT '站点id',
  `title` varchar(30) NOT NULL COMMENT '投票标题',
  `content` text NOT NULL COMMENT '投票描述',
  `starttime` int(10) unsigned NOT NULL COMMENT '开始时间',
  `endtime` int(10) unsigned NOT NULL COMMENT '结束时间',
  `isguest` enum('true','false') NOT NULL COMMENT '游客投票',
  `isview` enum('true','false') NOT NULL COMMENT '查看投票',
  `intval` int(10) unsigned NOT NULL COMMENT '投票间隔',
  `isradio` tinyint(1) unsigned NOT NULL COMMENT '是否多选',
  `orderid` smallint(5) unsigned NOT NULL COMMENT '排列排序',
  `posttime` int(10) unsigned NOT NULL COMMENT '更新时间',
  `checkinfo` enum('true','false') NOT NULL COMMENT '审核状态',
  PRIMARY KEY (`id`)
) ENGINE=MyISAM AUTO_INCREMENT=2 DEFAULT CHARSET=utf8;
/*!40101 SET character_set_client = @saved_cs_client */;

--
-- Dumping data for table `pmw_vote`
--

LOCK TABLES `pmw_vote` WRITE;
/*!40000 ALTER TABLE `pmw_vote` DISABLE KEYS */;
INSERT INTO `pmw_vote` VALUES (1,1,'您是从哪得知本站的？','茫茫网海，您的来访让我们深感高兴。',0,0,'true','true',60,2,1,1326863548,'true');
/*!40000 ALTER TABLE `pmw_vote` ENABLE KEYS */;
UNLOCK TABLES;

--
-- Table structure for table `pmw_votedata`
--

DROP TABLE IF EXISTS `pmw_votedata`;
/*!40101 SET @saved_cs_client     = @@character_set_client */;
/*!40101 SET character_set_client = utf8 */;
CREATE TABLE `pmw_votedata` (
  `id` int(10) unsigned NOT NULL AUTO_INCREMENT COMMENT '投票数据id',
  `voteid` smallint(6) unsigned NOT NULL COMMENT '投票id',
  `optionid` text NOT NULL COMMENT '选票id',
  `userid` int(10) unsigned NOT NULL COMMENT '投票人id',
  `posttime` int(10) unsigned NOT NULL COMMENT '投票时间',
  `ip` varchar(30) NOT NULL COMMENT '投票ip',
  PRIMARY KEY (`id`)
) ENGINE=MyISAM DEFAULT CHARSET=utf8;
/*!40101 SET character_set_client = @saved_cs_client */;

--
-- Dumping data for table `pmw_votedata`
--

LOCK TABLES `pmw_votedata` WRITE;
/*!40000 ALTER TABLE `pmw_votedata` DISABLE KEYS */;
/*!40000 ALTER TABLE `pmw_votedata` ENABLE KEYS */;
UNLOCK TABLES;

--
-- Table structure for table `pmw_voteoption`
--

DROP TABLE IF EXISTS `pmw_voteoption`;
/*!40101 SET @saved_cs_client     = @@character_set_client */;
/*!40101 SET character_set_client = utf8 */;
CREATE TABLE `pmw_voteoption` (
  `id` int(10) unsigned NOT NULL AUTO_INCREMENT COMMENT '投票选项id',
  `voteid` smallint(6) unsigned NOT NULL COMMENT '投票id',
  `options` varchar(30) NOT NULL COMMENT '投票选项',
  PRIMARY KEY (`id`)
) ENGINE=MyISAM AUTO_INCREMENT=5 DEFAULT CHARSET=utf8;
/*!40101 SET character_set_client = @saved_cs_client */;

--
-- Dumping data for table `pmw_voteoption`
--

LOCK TABLES `pmw_voteoption` WRITE;
/*!40000 ALTER TABLE `pmw_voteoption` DISABLE KEYS */;
INSERT INTO `pmw_voteoption` VALUES (1,1,'友情链接'),(2,1,'搜索引擎'),(3,1,'朋友介绍'),(4,1,'其他');
/*!40000 ALTER TABLE `pmw_voteoption` ENABLE KEYS */;
UNLOCK TABLES;

--
-- Table structure for table `pmw_webconfig`
--

DROP TABLE IF EXISTS `pmw_webconfig`;
/*!40101 SET @saved_cs_client     = @@character_set_client */;
/*!40101 SET character_set_client = utf8 */;
CREATE TABLE `pmw_webconfig` (
  `siteid` smallint(5) unsigned NOT NULL DEFAULT '1' COMMENT '站点id',
  `varname` varchar(50) NOT NULL COMMENT '变量名称',
  `varinfo` varchar(80) NOT NULL COMMENT '参数说明',
  `vargroup` smallint(5) unsigned NOT NULL COMMENT '所属组',
  `vartype` char(10) NOT NULL COMMENT '变量类型',
  `varvalue` text NOT NULL COMMENT '变量值',
  `orderid` smallint(5) unsigned NOT NULL COMMENT '排列排序',
  PRIMARY KEY (`varname`)
) ENGINE=MyISAM DEFAULT CHARSET=utf8;
/*!40101 SET character_set_client = @saved_cs_client */;

--
-- Dumping data for table `pmw_webconfig`
--

LOCK TABLES `pmw_webconfig` WRITE;
/*!40000 ALTER TABLE `pmw_webconfig` DISABLE KEYS */;
INSERT INTO `pmw_webconfig` VALUES (1,'cfg_webname','网站名称',0,'string','我的网站',1),(1,'cfg_weburl','网站地址',0,'string','http://172.17.0.2',2),(1,'cfg_webpath','网站目录',0,'string','',3),(1,'cfg_author','网站作者',0,'string','',4),(1,'cfg_generator','程序引擎',0,'string','PHPMyWind CMS',5),(1,'cfg_seotitle','SEO标题',0,'string','',6),(1,'cfg_keyword','关键字设置',0,'string','',7),(1,'cfg_description','网站描述',0,'bstring','',8),(1,'cfg_copyright','版权信息',0,'bstring','Copyright © 2010 - 2014 phpMyWind.com All Rights Reserved',9),(1,'cfg_hotline','客服热线',0,'string','400-800-8888',10),(1,'cfg_icp','备案编号',0,'string','',11),(1,'cfg_webswitch','启用站点',0,'bool','Y',12),(1,'cfg_switchshow','关闭说明',0,'bstring','对不起，网站维护，请稍后登录。<br />网站维护期间对您造成的不便，请谅解！',13),(1,'cfg_upload_img_type','上传图片类型',1,'string','gif|png|jpg|bmp',23),(1,'cfg_upload_soft_type','上传软件类型',1,'string','zip|gz|rar|iso|doc|xls|ppt|wps|txt',24),(1,'cfg_upload_media_type','上传媒体类型',1,'string','swf|flv|mpg|mp3|rm|rmvb|wmv|wma|wav',25),(1,'cfg_max_file_size','上传文件大小',1,'string','2097152',26),(1,'cfg_imgresize','自动缩略图方式　<br />(是\"裁切\",否\"填充\")',1,'bool','Y',27),(1,'cfg_countcode','流量统计代码',1,'bstring','',28),(1,'cfg_qqcode','在线QQ　<br />(多个用\",\"分隔)',1,'bstring','',29),(1,'cfg_mysql_type','数据库类型(支持mysql和mysqli)',2,'string','mysqli',40),(1,'cfg_pagenum','每页显示记录数',2,'string','20',41),(1,'cfg_timezone','服务器时区设置',2,'string','8',42),(1,'cfg_mobile','自动跳转手机版',2,'bool','Y',43),(1,'cfg_member','开启会员功能',2,'bool','Y',44),(1,'cfg_oauth','开启一键登录',2,'bool','Y',45),(1,'cfg_comment','开启文章评论',2,'bool','Y',46),(1,'cfg_maintype','开启二级类别',2,'bool','N',47),(1,'cfg_typefold','类别默认折叠',2,'bool','N',48),(1,'cfg_quicktool','管理页工具条',2,'bool','Y',49),(1,'cfg_diserror','PHP错误显示',2,'bool','Y',50),(1,'cfg_isreurl','是否启用伪静态',3,'bool','N',60),(1,'cfg_reurl_index','首页规则',3,'string','index.html',61),(1,'cfg_reurl_about','关于我们页',3,'string','{about}-{cid}-{page}.html',62),(1,'cfg_reurl_news','新闻中心页',3,'string','{news}-{cid}-{page}.html',63),(1,'cfg_reurl_newsshow','新闻内容页',3,'string','{newsshow}-{cid}-{id}-{page}.html',64),(1,'cfg_reurl_product','产品展示页',3,'string','{product}-{cid}-{page}.html',65),(1,'cfg_reurl_productshow','产品内容页',3,'string','{productshow}-{cid}-{id}-{page}.html',66),(1,'cfg_reurl_case','案例展示页',3,'string','{case}-{cid}-{page}.html',67),(1,'cfg_reurl_caseshow','案例内容页',3,'string','{caseshow}-{cid}-{id}-{page}.html',68),(1,'cfg_reurl_join','人才招聘页',3,'string','{join}-{page}.html',69),(1,'cfg_reurl_joinshow','招聘内容页',3,'string','{joinshow}-{id}.html',70),(1,'cfg_reurl_message','客户留言页',3,'string','{message}-{page}.html',71),(1,'cfg_reurl_contact','联系我们页',3,'string','{contact}-{cid}-{page}.html',72),(1,'cfg_reurl_soft','软件下载页',3,'string','{soft}-{cid}-{page}.html',73),(1,'cfg_reurl_softshow','软件内容页',3,'string','{softshow}-{cid}-{id}-{page}.html',74),(1,'cfg_reurl_goods','商品展示页',3,'string','{goods}-{cid}-{tid}-{page}.html',75),(1,'cfg_reurl_goodsshow','商品内容页',3,'string','{goodsshow}-{cid}-{tid}-{id}-{page}.html',76),(1,'cfg_reurl_vote','投票内容页',3,'string','{vote}-{id}.html',77),(1,'cfg_reurl_custom','自定义规则',3,'string','{file}.html',78),(1,'cfg_auth_key','网站标识码',4,'string','MT7VvHVTRzV1KZaE',90),(1,'cfg_alipay_uname','支付宝帐户',4,'string','',91),(1,'cfg_alipay_partner','支付宝合作身份者ID',4,'string','',92),(1,'cfg_alipay_key','支付宝安全检验码',4,'string','',93),(1,'cfg_qq_appid','QQ登录组件AppID',4,'string','',94),(1,'cfg_qq_appkey','QQ登录组件AppKey',4,'string','',95),(1,'cfg_weibo_appid','微博登录组件AppID',4,'string','',96),(1,'cfg_weibo_appkey','微博登录组件AppKey',4,'string','',97);
/*!40000 ALTER TABLE `pmw_webconfig` ENABLE KEYS */;
UNLOCK TABLES;

--
-- Table structure for table `pmw_weblink`
--

DROP TABLE IF EXISTS `pmw_weblink`;
/*!40101 SET @saved_cs_client     = @@character_set_client */;
/*!40101 SET character_set_client = utf8 */;
CREATE TABLE `pmw_weblink` (
  `id` smallint(5) unsigned NOT NULL AUTO_INCREMENT COMMENT '友情链接id',
  `siteid` smallint(5) unsigned NOT NULL DEFAULT '1' COMMENT '站点id',
  `classid` smallint(5) unsigned NOT NULL COMMENT '所属类别id',
  `parentid` smallint(5) unsigned NOT NULL COMMENT '所属类别父id',
  `parentstr` varchar(80) NOT NULL COMMENT '所属类别父id字符串',
  `webname` varchar(30) NOT NULL COMMENT '网站名称',
  `webnote` varchar(200) NOT NULL COMMENT '网站描述',
  `picurl` varchar(100) NOT NULL COMMENT '缩略图片',
  `linkurl` varchar(255) NOT NULL COMMENT '跳转链接',
  `orderid` smallint(5) unsigned NOT NULL COMMENT '排列排序',
  `posttime` int(10) unsigned NOT NULL COMMENT '更新时间',
  `checkinfo` enum('true','false') NOT NULL COMMENT '审核状态',
  PRIMARY KEY (`id`)
) ENGINE=MyISAM AUTO_INCREMENT=4 DEFAULT CHARSET=utf8;
/*!40101 SET character_set_client = @saved_cs_client */;

--
-- Dumping data for table `pmw_weblink`
--

LOCK TABLES `pmw_weblink` WRITE;
/*!40000 ALTER TABLE `pmw_weblink` DISABLE KEYS */;
INSERT INTO `pmw_weblink` VALUES (1,1,1,0,'0,','腾讯','生活精彩，在线更精彩','http://mat1.gtimg.com/www/iskin960/qqcomlogo.png','http://www.qq.com/',1,1326770776,'true'),(2,1,1,0,'0,','百度','百度一下，你就知道','http://www.baidu.com/img/baidu_sylogo1.gif','http://www.baidu.com/',2,1326770790,'true'),(3,1,1,0,'0,','phpMyWind','我们追求速度与舒适度','','http://phpmywind.com/',3,1326770806,'true');
/*!40000 ALTER TABLE `pmw_weblink` ENABLE KEYS */;
UNLOCK TABLES;

--
-- Table structure for table `pmw_weblinktype`
--

DROP TABLE IF EXISTS `pmw_weblinktype`;
/*!40101 SET @saved_cs_client     = @@character_set_client */;
/*!40101 SET character_set_client = utf8 */;
CREATE TABLE `pmw_weblinktype` (
  `id` smallint(5) unsigned NOT NULL AUTO_INCREMENT COMMENT '友情链接类型id',
  `siteid` smallint(5) unsigned NOT NULL DEFAULT '1' COMMENT '站点id',
  `parentid` smallint(5) unsigned NOT NULL COMMENT '类别父id',
  `parentstr` varchar(50) NOT NULL COMMENT '类别父id字符串',
  `classname` varchar(30) NOT NULL COMMENT '类别名称',
  `orderid` smallint(5) unsigned NOT NULL COMMENT '排列顺序',
  `checkinfo` enum('true','false') NOT NULL COMMENT '审核状态',
  PRIMARY KEY (`id`)
) ENGINE=MyISAM AUTO_INCREMENT=2 DEFAULT CHARSET=utf8;
/*!40101 SET character_set_client = @saved_cs_client */;

--
-- Dumping data for table `pmw_weblinktype`
--

LOCK TABLES `pmw_weblinktype` WRITE;
/*!40000 ALTER TABLE `pmw_weblinktype` DISABLE KEYS */;
INSERT INTO `pmw_weblinktype` VALUES (1,1,0,'0,','默认分类',1,'true');
/*!40000 ALTER TABLE `pmw_weblinktype` ENABLE KEYS */;
UNLOCK TABLES;
/*!40103 SET TIME_ZONE=@OLD_TIME_ZONE */;

/*!40101 SET SQL_MODE=@OLD_SQL_MODE */;
/*!40014 SET FOREIGN_KEY_CHECKS=@OLD_FOREIGN_KEY_CHECKS */;
/*!40014 SET UNIQUE_CHECKS=@OLD_UNIQUE_CHECKS */;
/*!40101 SET CHARACTER_SET_CLIENT=@OLD_CHARACTER_SET_CLIENT */;
/*!40101 SET CHARACTER_SET_RESULTS=@OLD_CHARACTER_SET_RESULTS */;
/*!40101 SET COLLATION_CONNECTION=@OLD_COLLATION_CONNECTION */;
/*!40111 SET SQL_NOTES=@OLD_SQL_NOTES */;

-- Dump completed on 2018-05-22  7:18:41
